sequenceName,start,end,score,strand,pattern,nt,nb,nm,rl1,rl2,rl3,ll1,ll2,ll3,G4_id,sequence,bp_untill_next_G4,bp_untill_previous_G4,up_win,down_win,10_up,10_down,20_up,20_down,30_up,30_down
chrM,904,923,29,-,[C(A)CC]G[CCC]GTCA[CCC]T[CC(T)C],3,2,0,4,3,3,1,4,1,1,CACCGCCCGTCACCCTCCTC,172,375,804,1023,894.0,933.0,884.0,943.0,874.0,953.0
chrM,1095,1118,17,-,[C(TAAT)CC]TAG[CCC]TAG[CCC]TA[CaC],3,1,1,7,3,3,3,3,2,2,CTAATCCTAGCCCTAGCCCTACAC,1650,172,995,1218,1085.0,1128.0,1075.0,1138.0,1065.0,1148.0
chrM,2768,2808,26,-,[CC(TAACACT)CC]TCGT[CCCC]ATTCTAAT[CgCC]ATAG[CC(TT)CC],4,2,1,11,4,4,4,8,4,3,CCTAACACTCCTCGTCCCCATTCTAATCGCCATAGCCTTCC,204,1650,2668,2908,2758.0,2818.0,2748.0,2828.0,2738.0,2838.0
chrM,3012,3031,30,-,[CCC][C(TA)CC]AATA[CC(A)C]A[CCC],3,2,0,3,5,4,0,4,1,4,CCCCTACCAATACCACACCC,285,204,2912,3131,3002.0,3041.0,2992.0,3051.0,2982.0,3061.0
chrM,3316,3344,19,-,[CCC]TAGCAGAAA[C(AAA)CC]GGG[CCC][CC(TT)C],3,2,0,3,6,3,9,3,0,5,CCCTAGCAGAAACAAACCGGGCCCCCTTC,561,285,3216,3444,3306.0,3354.0,3296.0,3364.0,3286.0,3374.0
chrM,3905,3937,19,-,[CCC]GTA[C(TAATAAAT)CC]TATCA[CCC]TTG[CC(AT)C],3,2,0,3,11,3,3,5,3,6,CCCGTACTAATAAATCCTATCACCCTTGCCATC,278,561,3805,4037,3895.0,3947.0,3885.0,3957.0,3875.0,3967.0
chrM,4215,4241,25,-,[CCC]TAT[CC(ATAAAA)C]TAGG[CC(T)C]G[CCC],3,2,0,3,9,4,3,4,1,7,CCCTATCCATAAAACTAGGCCTCGCCC,263,278,4115,4341,4205.0,4251.0,4195.0,4261.0,4185.0,4271.0
chrM,4504,4526,23,-,[CCC]AT[CCC]T[CaC]T[C(TACTCAA)CC],3,1,1,3,3,3,2,1,1,8,CCCATCCCTCACTCTACTCAACC,394,263,4404,4626,4494.0,4536.0,4484.0,4546.0,4474.0,4556.0
chrM,4920,4937,69,-,[CCC]TAC[CCC]TAG[CCC][CCC],3,0,0,3,3,3,3,3,0,9,CCCTACCCCTAGCCCCCC,457,394,4820,5037,4910.0,4947.0,4900.0,4957.0,4890.0,4967.0
chrM,5394,5416,15,+,[GG(A)G]CCT[GaG]C[GGG]AATAGT[GGG],3,1,1,4,3,3,3,1,6,10,GGAGCCTGAGCGGGAATAGTGGG,160,457,5294,5516,5384.0,5426.0,5374.0,5436.0,5364.0,5446.0
chrM,5576,5611,17,-,[CCC]ACTAATAAT[C(GGAG)CC][CC(AGATATAG)C]ATT[CCC],3,2,0,3,7,11,9,0,3,11,CCCACTAATAATCGGAGCCCCAGATATAGCATTCCC,103,160,5476,5711,5566.0,5621.0,5556.0,5631.0,5546.0,5641.0
chrM,5714,5739,26,-,[CCC]A[CC(T)C]TAG[CC(GGAAAT)C]TAG[CCC],3,2,0,3,4,9,1,3,3,12,CCCACCTCTAGCCGGAAATCTAGCCC,1282,103,5614,5839,5704.0,5749.0,5694.0,5759.0,5684.0,5769.0
chrM,7021,7055,21,-,[CCC]ATT[CC(AACTTGGT)C]TA[C(AAGACG)CC]ACAT[CCC],3,2,0,3,11,9,3,2,4,13,CCCATTCCAACTTGGTCTACAAGACGCCACATCCC,453,1282,6921,7155,7011.0,7065.0,7001.0,7075.0,6991.0,7085.0
chrM,7508,7539,35,-,[CCC]T[CCC]TAGGACTTAAAA[C(TGATG)CC]AT[CCC],3,1,0,3,3,8,1,12,2,14,CCCTCCCTAGGACTTAAAACTGATGCCATCCC,2480,453,7408,7639,7498.0,7549.0,7488.0,7559.0,7478.0,7569.0
chrM,10019,10056,38,-,[CCC(TAAA)C]T[CC(AACT)CC]ATAAGCT[CC(ATA)CC]AAT[CCCC],4,3,0,8,8,7,1,7,3,15,CCCTAAACTCCAACTCCATAAGCTCCATACCAATCCCC,887,2480,9919,10156,10009.0,10066.0,9999.0,10076.0,9989.0,10086.0
chrM,10943,10962,24,-,[CCC][C(TTCAT)CC]TT[CtC]T[CCC],3,1,1,3,8,3,0,2,1,16,CCCCTTCATCCTTCTCTCCC,2092,887,10843,11062,10933.0,10972.0,10923.0,10982.0,10913.0,10992.0
chrM,13054,13084,36,-,[CCC][CCC]TAATCT[CC(ATTAA)C]GAAAATGA[CCC],3,1,0,3,3,8,0,6,8,17,CCCCCCTAATCTCCATTAACGAAAATGACCC,269,2092,12954,13184,13044.0,13094.0,13034.0,13104.0,13024.0,13114.0
chrM,13353,13389,17,-,[CCC]ATAAAAT[C(TCTCAA)CC]TAAG[CC(TAAAAA)C]AT[CCC],3,2,0,3,9,9,7,4,2,18,CCCATAAAATCTCTCAACCTAAGCCTAAAAACATCCC,255,269,13253,13489,13343.0,13399.0,13333.0,13409.0,13323.0,13419.0
chrM,13644,13665,31,-,[CC(GCTA)C][CCC]AAT[CCC]T[CC(TT)C],3,2,0,7,3,3,0,3,1,19,CCGCTACCCCAATCCCTCCTTC,108,255,13544,13765,13634.0,13675.0,13624.0,13685.0,13614.0,13695.0
chrM,13773,13804,23,-,[CC(TCTATAAT)C]A[CCC][CC(AATA)C]TAAAAAA[CCC],3,2,0,11,3,7,1,0,7,20,CCTCTATAATCACCCCCAATACTAAAAAACCC,64,108,13673,13868,13763.0,13814.0,13753.0,13824.0,13743.0,13834.0
chrM,13868,13890,31,-,[CC(AAACA)C]AA[CC(AA)C]AT[CCC][CCC],3,2,0,8,5,3,2,2,0,21,CCAAACACAACCAACATCCCCCC,46,64,13804,13936,13858.0,13900.0,13848.0,13910.0,13838.0,13920.0
chrM,13936,13965,22,-,[CCC]TAAAA[CC(ATTAAA)C]AA[CC(AA)C]AAA[CCC],3,2,0,3,9,5,5,2,3,22,CCCTAAAACCATTAAACAACCAACAAACCC,935,46,13890,14065,13926.0,13975.0,13916.0,13985.0,13906.0,13995.0
chrM,14900,14943,54,-,[CCC(AGACAA)C]TACATA[CC(AGCTAAT)CC]ACTAAACA[CCCC]A[CCCC],4,2,0,10,11,4,6,8,1,23,CCCAGACAACTACATACCAGCTAATCCACTAAACACCCCACCCC,432,935,14800,15043,14890.0,14953.0,14880.0,14963.0,14870.0,14973.0
chrM,15375,15391,35,-,[CCC][C(A)CC]A[CC(AG)C]A[CCC],3,2,0,3,4,5,0,1,1,24,CCCCACCACCAGCACCC,273,432,15275,15491,15365.0,15401.0,15355.0,15411.0,15345.0,15421.0
chrM,15664,15708,48,-,[CCCC]TT[CCCC]ATTTGGTCTATTAATCTA[CC(AT)CC]T[CC(GTGAAA)CC],4,2,0,4,4,6,2,18,1,25,CCCCTTCCCCATTTGGTCTATTAATCTACCATCCTCCGTGAAACC,6,273,15564,15714,15654.0,0.0,15644.0,0.0,15634.0,0.0
chrM,15714,15731,54,-,[CCC]G[CCC]A[CC(AATG)C][CCC],3,1,0,3,3,7,1,1,0,26,CCCGCCCACCAATGCCCC,357,6,15708,15831,0.0,15741.0,0.0,15751.0,0.0,15761.0
chrM,16088,16124,71,-,[CC(AAA)CC][CCCC]AC[CCCC]TCCTCTTAATGCCAAA[CCCC],4,1,0,7,4,4,0,2,16,27,CCAAACCCCCCACCCCCTCCTCTTAATGCCAAACCCC,375,357,15988,16224,16078.0,16134.0,16068.0,16144.0,16058.0,16154.0
