G4_id,side,window_start,window_end,sequence,A,C,G,T
1,50_up,245,295,TTGAATGTCTGCACAGCCACTTTCCACACAGACATCATAACAAAAAATTT,19,13,5.0,13
3,50_up,408,458,TGGCGGTATGCACTTTTAACAGTCACCCCCCAACTAACACATTATTTTCC,13,16,6.0,15
5,50_up,907,957,ACGATTAACCCAAGTCAATAGAAGCCGGCGTAAAGAGTGTTTTAGATCAC,18,10,11.0,11
6,50_up,1632,1682,TTACACTTAGGAGATTTCAACTTAACTTGACCGCTCTGAGCTAAACCTAG,15,12,8.0,15
7,50_up,2007,2057,TGGTGATAGCTGGTTGTCCAAGATAGAATCTTAGTTCAACTTTAAATTTG,14,6,11.0,19
8,50_up,3154,3204,TCACAAAGCGCCTTCCCCCGTAAATGATATCATCTCAACTTAGTATTATA,16,14,5.0,15
9,50_up,3434,3484,ACGGGCTACTACAACCCTTCGCTGACGCCATAAAACTCTTCACCAAAGAG,16,17,8.0,9
11,50_up,3819,3869,CCTCTGATTACTCCTGCCATCATGACCCTTGGCCATAATATGATTTATCT,11,15,6.0,18
13,50_up,4036,4086,GGAACAACATATGACGCACTCTCCCCTGAACTCTACACAACATATTTTGT,16,15,6.0,13
14,50_up,4178,4228,AAAACTTCCTACCACTCACCCTAGCATTACTTATATGATATGTCTCCATA,16,15,3.0,16
15,50_up,4299,4349,TAAATAATAGGAGCTTAAACCCCCTTATTTCTAGGACTATGAGAATCGAA,19,9,8.0,14
16,50_up,4411,4461,AGCTAAATAAGCTATCGGGCCCATACCCCGAAAATGTTGGTTATACCCTT,15,13,9.0,13
17,50_up,4829,4879,AGGCACCCCTCTGACATCCGGCCTGCTTCTTCTCACATGACAAAAACTAG,13,18,8.0,11
18,50_up,5143,5193,CCACGACCCTACTACTATCTCGCACCTGAAACAAGCTAACATGACTAACA,18,18,5.0,9
19,50_up,5253,5303,CCCAAATGGGCCATTATCGAAGAATTCACAAAAAACAATAGCCTCATCAT,21,13,6.0,10
20,50_up,5378,5428,ACTACTCCCCATATCTAACAACGTAAAAATAAAATGACAGTTTGAACATA,23,11,4.0,12
21,50_up,6371,6421,CTCTATCTTAGGGGCCATCAATTTCATCACAACAATTATCAATATAAAAC,19,12,4.0,15
22,50_up,6489,6539,CTCCTATCTCTCCCAGTCCTAGCTGCTGGCATCACTATACTACTAACAGA,12,18,6.0,14
23,50_up,7347,7397,GTCCTAATAGTAGAAGAACCCTCCATAAACCTGGAGTGACTATATGGATG,17,10,11.0,12
24,50_up,7757,7807,GCTCAGGAAATAGAAACCGTCTGAACTATCCTGCCCGCCATCATCCTAGT,14,16,9.0,11
25,50_up,7892,7942,CAATGGTACTGAACCTACGAGTACACCGACTACGGCGGACTAATCTTCAA,16,14,10.0,10
26,50_up,8212,8262,CGTCCTAGAATTAATTCCCCTAAAAATCTTTGAAATAGGGCCCGTATTTA,16,11,7.0,16
27,50_up,8418,8468,TTACACTATTCCTCATCACCCAACTAAAAATATTAAACACAAACTACCAC,22,16,0.0,12
28,50_up,8509,8559,CAAACCCTGAGAACCAAAATGAACGAAAATCTGTTCGCTTCATTCATTGC,18,13,7.0,12
29,50_up,8756,8806,TTTTTATTGCCACAACTAACCTCCTCGGACTCCTGCCTCACTCATTTACA,11,18,4.0,17
30,50_up,8864,8914,TGATTATAGGCTTTCGCTCTAAGATTAAAAATGCCCTAGCCCACTTCTTA,14,12,7.0,17
31,50_up,9193,9243,CACGACAACACATAATGACCCACCAATCACATGCCTATCATATAGTAAAA,22,15,4.0,9
32,50_up,9476,9526,AGTTTTTTTCTTCGCAGGATTTTTCTGAGCCTTTTACCACTCCAGCCTAG,8,13,8.0,21
34,50_up,10134,10184,CAACTCAACGGCTACATAGAAAAATCCACCCCTTACGAGTGCGGCTTCGA,16,16,9.0,9
35,50_up,10217,10267,AAAATTCTTCTTAGTAGCTATTACCTTCTTATTATTTGATCTAGAAATTG,15,7,5.0,23
36,50_up,10562,10612,ATGCCTAGAAGGAATAATACTATCGCTGTTCATTATAGCTACTCTCATAA,17,10,7.0,16
37,50_up,10868,10918,ATCCCTCTACTATTTTTTAACCAAATCAACAACAACCTATTTAGCTGTTC,16,14,2.0,18
39,50_up,11080,11130,TATAACATTCACAGCCACAGAACTAATCATATTTTATATCTTCTTCGAAA,19,11,3.0,17
41,50_up,11462,11512,CTCTTAAAACTAGGCGGCTATGGTATAATACGCCTCACACTCATTCTCAA,15,14,7.0,14
42,50_up,11593,11643,ACAAACAGACCTAAAATCGCTCATTGCATACTCTTCAATCAGCCACATAG,19,15,5.0,11
43,50_up,11968,12018,AGCCCTATACTCCCTCTACATATTTACCACAACACAATGGGGCTCACTCA,15,18,5.0,12
45,50_up,12309,12359,AATTTTGGTGCAACTCCAAATAAAAGTAATAACCATGCACACTACTATAA,22,10,5.0,13
46,50_up,12492,12542,AATATTCATGTGCCTAGACCAAGAAGTTATTATCTCGAACTGACACTGAG,17,10,9.0,14
47,50_up,12877,12927,GGTTTCATCCTCGCCTTAGCATGATTTATCCTACACTCCAACTCATGAGA,12,15,7.0,16
48,50_up,12976,13026,CTAGGCCTCCTCCTAGCAGCAGCAGGCAAATCAGCCCAATTAGGTCTCCA,13,18,10.0,9
49,50_up,13072,13122,CTACTCCACTCAAGCACTATAGTTGTAGCAGGAATCTTCTTACTCATCCG,13,15,7.0,15
50,50_up,13597,13647,GCCTATAGCACTCGAATAATTCTTCTCACCCTAACAGGTCAACCTCGCTT,13,17,6.0,14
51,50_up,13705,13755,CTGGCAGCCGGAAGCCTATTCGCAGGATTTCTCATTACTAACAACATTTC,13,14,9.0,14
52,50_up,13897,13947,TATTTCTCCAACATACTCGGATTCTACCCTAGCATCACACACCGCACAAT,15,18,4.0,13
53,50_up,14065,14115,ACCTCAACCCAAAAAGGCATAATTAAACTTTACTTCCTCTCTTTCTTCTT,15,15,2.0,18
54,50_up,14195,14245,AATGTTCAACCAGTAACTACTACTAATCAACGCCCATAATCATACAAAGC,21,14,4.0,11
55,50_up,14284,14334,CTCTCCTTCATAAATTATTCAGCTTCCTACACTATTAAAGTTTACCACAA,16,14,2.0,18
57,50_up,14440,14490,ATACTCCTCAATAGCCATCGCTGTAGTATATCCAAAGACAACCATCATTC,17,15,5.0,13
60,50_up,14721,14771,GTTGTATTTCAACTACAAGAACACCAATGACCCCAATACGCAAAACTAAC,21,14,5.0,10
61,50_up,15318,15368,CCCTAGCAACACTCCACCTCCTATTCTTGCACGAAACGGGATCAAACAAC,16,19,6.0,9
62,50_up,15436,15486,CGGCTTACTTCTCTTCCTTCTCTCCTTAATGACATTAACACTATTCTCAC,10,17,3.0,20
64,50_up,15574,15624,CGCCTACACAATTCTCCGATCCGTCCCTAACAAACTAGGAGGCGTCCTTG,12,18,9.0,11
65,50_up,16109,16159,AGCCACCATGAATATTGTACGGTACCATAAATACTTGACCACCTGTAGTA,17,12,8.0,13
66,50_up,16210,16260,ACAGCAATCAACCCTCAACTATCACACATCAACTGCAACTCCAAAGCCAC,20,20,3.0,7
67,50_up,16303,16353,GTACATAGTACATAAAGCCATTTACCGTACATAGCACATTACAGTCAAAT,20,11,6.0,13
2,50_down,387,437,CAGATTTCAAATTTTATCTTTTGGCGGTATGCACTTTTAACAGTCACCCC,12,12,7.0,19
4,50_down,571,621,CCCACAGTTTATGTAGCTTACCTCCTCAAAGCAATACACTGAAAATGTTT,16,13,6.0,15
5,50_down,1002,1052,CAGTTGACACAAAATAGACTACGAAAGTGGCTTTAACATATCTGAACACA,21,10,8.0,11
6,50_down,1715,1765,CTTAGCCAAACCATTTACCCAAATAAAGTATAGGCGATAGAAATTGAAAC,22,10,7.0,11
7,50_down,2101,2151,CAAAGAGGAACAGCTCTTTGGACACTAGGAAAAAACCTTGTAGAGAGAGT,20,8,13.0,9
8,50_down,3247,3297,CGGTAATCGCATAAAACTTAAAACTTTACAGTCAGAGGTTCAATTCCTCT,17,11,7.0,15
10,50_down,3589,3639,CTGGTCAACCTCAACCTAGGCCTCCTATTTATTCTAGCCACCTCTAGCCT,10,19,6.0,15
12,50_down,3984,4034,CGAATACACAAACATTATTATAATAAACACCCTCACCACTACAATCTTCC,21,16,1.0,12
13,50_down,4111,4161,CTGTTCTTATGAATTCGAACAGCATACCCCCGATTCCGCTACGACCAACT,13,17,7.0,13
14,50_down,4253,4303,CTCAAACCTAAGAAATATGTCTGATAAAAGAGTTACTTTGATAGAGTAAA,22,6,8.0,14
15,50_down,4394,4444,CATCCTAAAGTAAGGTCAGCTAAATAAGCTATCGGGCCCATACCCCGAAA,18,14,9.0,9
16,50_down,4490,4540,CGTCATCTACTCTACCATCTTTGCAGGCACACTCATCACAGCGCTAAGCT,12,18,7.0,13
17,50_down,4910,4960,CTCACTAAACGTAAGCCTTCTCCTCACTCTCTCAATCTTATCCATCATAG,13,18,3.0,16
18,50_down,5236,5286,CGCTAACCGGCTTTTTGCCCAAATGGGCCATTATCGAAGAATTCACAAAA,16,13,9.0,12
19,50_down,5337,5387,CTCTACTTCTACCTACGCCTAATCTACTCCACCTCAATCACACTACTCCC,12,23,1.0,14
20,50_down,5463,5513,CTTACCACGCTACTCCTACCTATCTCCCCTTTTATACTAATAATCTTATA,13,17,1.0,19
21,50_down,6468,6518,CTAATCACAGCAGTCCTACTTCTCCTATCTCTCCCAGTCCTAGCTGCTGG,9,19,7.0,15
22,50_down,6587,6637,CATTCTATACCAACACCTATTCTGATTTTTCGGTCACCCTGAAGTTTATA,13,13,5.0,19
23,50_down,7412,7462,CACATTCGAAGAACCCGTATACATAAAATCTAGACAAAAAAGGAAGGAAT,25,9,8.0,8
24,50_down,7826,7876,CTACGCATCCTTTACATAACAGACGAGGTCAACGATCCCTCCCTTACCAT,14,18,6.0,12
25,50_down,7991,8041,CTTGACGTTGACAATCGAGTAGTACTCCCGATTGAAGCCCCCATTCGTAT,12,14,10.0,14
26,50_down,8295,8345,CACTGTAAAGCTAACTTAGCATTAACCTTTTAAGTTAAAGATTAAGAGAA,21,7,7.0,15
27,50_down,8488,8538,CATAAAAATAAAAAATTATAACAAACCCTGAGAACCAAAATGAACGAAAA,31,8,4.0,7
28,50_down,8608,8658,CCTCTATTGATCCCCACCTCCAAATATCTCATCAACAACCGACTAATCAC,16,20,2.0,12
29,50_down,8847,8897,CTTATGAGCGGGCACAGTGATTATAGGCTTTCGCTCTAAGATTAAAAATG,15,8,12.0,15
30,50_down,8943,8993,CATACTAGTTATTATCGAAACCATCAGCCTACTCATTCAACCAATAGCCC,17,16,4.0,13
31,50_down,9270,9320,CTCTCAGCCCTCCTAATGACCTCCGGCCTAGCCATGTGATTTCACTTCCA,9,20,7.0,14
33,50_down,9611,9661,CGTATTACTCGCATCAGGAGTATCAATCACCTGAGCTCACCATAGTCTAA,15,14,8.0,13
34,50_down,10207,10257,CTTTCTCCATAAAATTCTTCTTAGTAGCTATTACCTTCTTATTATTTGAT,12,10,3.0,25
35,50_down,10293,10343,CTACAAACAACTAACCTGCCACTAATAGTTATGTCATCCCTCTTATTAAT,17,14,3.0,16
36,50_down,10637,10687,CAATATTGTGCCTATTGCCATACTAGTCTTTGCCGCCTGCGAAGCAGCGG,10,14,12.0,14
38,50_down,11022,11072,CACTATCACGAAAAAAACTCTACCTCTCTATACTAATCTCCCTACAAATC,19,17,1.0,13
40,50_down,11236,11286,CCTACTCATCGCACTAATTTACACTCACAACACCCTAGGCTCACTAAACA,17,19,3.0,11
41,50_down,11538,11588,CCTTCCTTGTACTATCCCTATGAGGCATAATTATAACAAGCTCCATCTGC,13,15,6.0,16
42,50_down,11677,11727,CTGAAGCTTCACCGGCGCAGTCATTCTCATAATCGCCCACGGGCTTACAT,11,17,10.0,12
44,50_down,12115,12165,CATCATTACCGGGTTTTCCTCTTGTAAATATAGTTTAACCAAAACATCAG,16,11,6.0,17
45,50_down,12403,12453,CTCGTTAACCCTAACAAAAAAAACTCATACCCCCATTATGTAAAATCCAT,21,15,2.0,12
46,50_down,12568,12618,CTAAGCTTCAAACTAGACTACTTCTCCATAATATTCATCCCTGTAGCATT,15,14,4.0,17
47,50_down,12971,13021,CACTACTAGGCCTCCTCCTAGCAGCAGCAGGCAAATCAGCCCAATTAGGT,14,17,10.0,9
48,50_down,13061,13111,CAGTCTCAGCCCTACTCCACTCAAGCACTATAGTTGTAGCAGGAATCTTC,13,16,8.0,13
49,50_down,13148,13198,CACTAATCCAAACTCTAACACTATGCTTAGGCGCTATCACCACTCTGTTC,14,17,5.0,14
50,50_down,13695,13745,CATTAAACGCCTGGCAGCCGGAAGCCTATTCGCAGGATTTCTCATTACTA,13,14,10.0,13
51,50_down,13785,13835,CCTCTACCTAAAACTCACAGCCCTCGCTGTCACTTTCCTAGGACTTCTAA,12,19,5.0,14
52,50_down,13993,14043,CTAGACCTAACCTGACTAGAAAAGCTATTACCTAAAACAATTTCACAGCA,21,13,5.0,11
53,50_down,14137,14187,CTAATCACATAACCTATTCCCCCGAGCAATCTCAATTACAATATATACAC,19,16,2.0,13
54,50_down,14284,14334,CTCTCCTTCATAAATTATTCAGCTTCCTACACTATTAAAGTTTACCACAA,16,14,2.0,18
56,50_down,14428,14478,CCATGCCTCAGGATACTCCTCAATAGCCATCGCTGTAGTATATCCAAAGA,15,15,8.0,12
59,50_down,14644,14694,CACACTCAACAGAAACAAAGCATACATCATTATTCTCGCACGGACTACAA,21,15,5.0,9
60,50_down,14817,14867,CATCCAACATCTCCGCATGATGAAACTTCGGCTCACTCCTTGGCGCCTGC,10,19,9.0,12
61,50_down,15415,15465,CTACACAATCAAAGACGCCCTCGGCTTACTTCTCTTCCTTCTCTCCTTAA,11,19,4.0,16
63,50_down,15556,15606,CGAATGATATTTCCTATTCGCCTACACAATTCTCCGATCCGTCCCTAACA,13,17,5.0,15
64,50_down,15668,15718,CATATATCCAAACAACAAAGCATAATATTTCGCCCACTAAGCCAATCACT,21,15,3.0,11
65,50_down,16193,16243,CATGCTTACAAGCAAGTACAGCAATCAACCCTCAACTATCACACATCAAC,20,17,4.0,9
66,50_down,16296,16346,CTTAACAGTACATAGTACATAAAGCCATTTACCGTACATAGCACATTACA,20,12,5.0,13
67,50_down,16380,16430,CTCAGATAGGGGTCCCTTGACCACCATCCTCCGTGAAATCAATATCCCGC,12,18,9.0,11
