G4_id,side,window_start,window_end,sequence,A,C,G,T,A>C,A>G,A>T,C>A,C>G,C>T,G>A,G>C,G>T,T>A,T>C,T>G,number_of_Mut
1,50_up,245,295,TTGAATGTCTGCACAGCCACTTTCCACACAGACATCATAACAAAAAATTT,19,13,5.0,13,2.0,4.0,0.0,1.0,1.0,2.0,13.0,2.0,0.0,0.0,12.0,0.0,37.0
3,50_up,408,458,TGGCGGTATGCACTTTTAACAGTCACCCCCCAACTAACACATTATTTTCC,13,16,6.0,15,5.0,0.0,0.0,3.0,0.0,24.0,1.0,0.0,0.0,0.0,5.0,3.0,41.0
5,50_up,907,957,ACGATTAACCCAAGTCAATAGAAGCCGGCGTAAAGAGTGTTTTAGATCAC,18,10,11.0,11,0.0,3.0,0.0,0.0,0.0,1.0,17.0,2.0,0.0,0.0,3.0,0.0,26.0
6,50_up,1632,1682,TTACACTTAGGAGATTTCAACTTAACTTGACCGCTCTGAGCTAAACCTAG,15,12,8.0,15,0.0,0.0,0.0,0.0,0.0,0.0,20.0,0.0,0.0,0.0,4.0,0.0,24.0
7,50_up,2007,2057,TGGTGATAGCTGGTTGTCCAAGATAGAATCTTAGTTCAACTTTAAATTTG,14,6,11.0,19,0.0,0.0,0.0,0.0,0.0,0.0,15.0,2.0,0.0,0.0,5.0,0.0,22.0
8,50_up,3154,3204,TCACAAAGCGCCTTCCCCCGTAAATGATATCATCTCAACTTAGTATTATA,16,14,5.0,15,0.0,2.0,0.0,0.0,0.0,2.0,7.0,1.0,0.0,0.0,7.0,1.0,20.0
9,50_up,3434,3484,ACGGGCTACTACAACCCTTCGCTGACGCCATAAAACTCTTCACCAAAGAG,16,17,8.0,9,0.0,2.0,0.0,2.0,0.0,4.0,17.0,0.0,0.0,0.0,1.0,0.0,26.0
11,50_up,3819,3869,CCTCTGATTACTCCTGCCATCATGACCCTTGGCCATAATATGATTTATCT,11,15,6.0,18,0.0,0.0,0.0,0.0,1.0,2.0,17.0,0.0,0.0,0.0,9.0,0.0,29.0
13,50_up,4036,4086,GGAACAACATATGACGCACTCTCCCCTGAACTCTACACAACATATTTTGT,16,15,6.0,13,0.0,2.0,0.0,0.0,0.0,2.0,9.0,0.0,0.0,0.0,4.0,0.0,17.0
14,50_up,4178,4228,AAAACTTCCTACCACTCACCCTAGCATTACTTATATGATATGTCTCCATA,16,15,3.0,16,0.0,1.0,1.0,0.0,0.0,0.0,6.0,1.0,0.0,0.0,7.0,0.0,16.0
15,50_up,4299,4349,TAAATAATAGGAGCTTAAACCCCCTTATTTCTAGGACTATGAGAATCGAA,19,9,8.0,14,0.0,2.0,0.0,0.0,0.0,1.0,12.0,0.0,0.0,2.0,7.0,0.0,24.0
16,50_up,4411,4461,AGCTAAATAAGCTATCGGGCCCATACCCCGAAAATGTTGGTTATACCCTT,15,13,9.0,13,0.0,1.0,0.0,0.0,0.0,2.0,40.0,0.0,0.0,0.0,2.0,0.0,45.0
17,50_up,4829,4879,AGGCACCCCTCTGACATCCGGCCTGCTTCTTCTCACATGACAAAAACTAG,13,18,8.0,11,0.0,0.0,0.0,0.0,0.0,4.0,9.0,1.0,0.0,0.0,5.0,0.0,19.0
18,50_up,5143,5193,CCACGACCCTACTACTATCTCGCACCTGAAACAAGCTAACATGACTAACA,18,18,5.0,9,0.0,0.0,0.0,0.0,0.0,2.0,7.0,0.0,0.0,0.0,4.0,0.0,13.0
19,50_up,5253,5303,CCCAAATGGGCCATTATCGAAGAATTCACAAAAAACAATAGCCTCATCAT,21,13,6.0,10,0.0,0.0,0.0,0.0,0.0,2.0,9.0,0.0,0.0,0.0,8.0,1.0,20.0
20,50_up,5378,5428,ACTACTCCCCATATCTAACAACGTAAAAATAAAATGACAGTTTGAACATA,23,11,4.0,12,0.0,0.0,0.0,0.0,0.0,0.0,7.0,0.0,0.0,0.0,7.0,0.0,14.0
21,50_up,6371,6421,CTCTATCTTAGGGGCCATCAATTTCATCACAACAATTATCAATATAAAAC,19,12,4.0,15,0.0,0.0,0.0,1.0,0.0,0.0,10.0,1.0,0.0,0.0,5.0,0.0,17.0
22,50_up,6489,6539,CTCCTATCTCTCCCAGTCCTAGCTGCTGGCATCACTATACTACTAACAGA,12,18,6.0,14,0.0,0.0,0.0,0.0,0.0,3.0,4.0,1.0,0.0,0.0,6.0,0.0,14.0
23,50_up,7347,7397,GTCCTAATAGTAGAAGAACCCTCCATAAACCTGGAGTGACTATATGGATG,17,10,11.0,12,0.0,1.0,0.0,0.0,0.0,0.0,9.0,0.0,0.0,0.0,9.0,0.0,19.0
24,50_up,7757,7807,GCTCAGGAAATAGAAACCGTCTGAACTATCCTGCCCGCCATCATCCTAGT,14,16,9.0,11,0.0,2.0,1.0,1.0,0.0,0.0,5.0,0.0,0.0,0.0,10.0,0.0,19.0
25,50_up,7892,7942,CAATGGTACTGAACCTACGAGTACACCGACTACGGCGGACTAATCTTCAA,16,14,10.0,10,0.0,1.0,0.0,2.0,0.0,1.0,11.0,0.0,0.0,0.0,4.0,0.0,19.0
26,50_up,8212,8262,CGTCCTAGAATTAATTCCCCTAAAAATCTTTGAAATAGGGCCCGTATTTA,16,11,7.0,16,0.0,1.0,0.0,1.0,0.0,2.0,9.0,0.0,0.0,0.0,5.0,0.0,18.0
27,50_up,8418,8468,TTACACTATTCCTCATCACCCAACTAAAAATATTAAACACAAACTACCAC,22,16,0.0,12,0.0,0.0,0.0,0.0,0.0,2.0,0.0,0.0,0.0,0.0,5.0,0.0,7.0
28,50_up,8509,8559,CAAACCCTGAGAACCAAAATGAACGAAAATCTGTTCGCTTCATTCATTGC,18,13,7.0,12,0.0,2.0,1.0,0.0,0.0,0.0,7.0,0.0,1.0,0.0,7.0,0.0,18.0
29,50_up,8756,8806,TTTTTATTGCCACAACTAACCTCCTCGGACTCCTGCCTCACTCATTTACA,11,18,4.0,17,0.0,0.0,0.0,0.0,0.0,1.0,9.0,0.0,0.0,1.0,5.0,0.0,16.0
30,50_up,8864,8914,TGATTATAGGCTTTCGCTCTAAGATTAAAAATGCCCTAGCCCACTTCTTA,14,12,7.0,17,0.0,0.0,0.0,1.0,0.0,0.0,6.0,0.0,0.0,0.0,9.0,0.0,16.0
31,50_up,9193,9243,CACGACAACACATAATGACCCACCAATCACATGCCTATCATATAGTAAAA,22,15,4.0,9,1.0,2.0,1.0,1.0,0.0,2.0,5.0,0.0,0.0,0.0,4.0,0.0,16.0
32,50_up,9476,9526,AGTTTTTTTCTTCGCAGGATTTTTCTGAGCCTTTTACCACTCCAGCCTAG,8,13,8.0,21,0.0,1.0,0.0,2.0,0.0,1.0,13.0,1.0,0.0,0.0,7.0,1.0,26.0
34,50_up,10134,10184,CAACTCAACGGCTACATAGAAAAATCCACCCCTTACGAGTGCGGCTTCGA,16,16,9.0,9,0.0,2.0,0.0,1.0,0.0,1.0,7.0,0.0,0.0,0.0,6.0,1.0,18.0
35,50_up,10217,10267,AAAATTCTTCTTAGTAGCTATTACCTTCTTATTATTTGATCTAGAAATTG,15,7,5.0,23,0.0,1.0,0.0,0.0,0.0,2.0,5.0,0.0,0.0,0.0,7.0,0.0,15.0
36,50_up,10562,10612,ATGCCTAGAAGGAATAATACTATCGCTGTTCATTATAGCTACTCTCATAA,17,10,7.0,16,0.0,4.0,0.0,1.0,0.0,1.0,11.0,0.0,0.0,0.0,8.0,0.0,25.0
37,50_up,10868,10918,ATCCCTCTACTATTTTTTAACCAAATCAACAACAACCTATTTAGCTGTTC,16,14,2.0,18,1.0,0.0,1.0,0.0,0.0,1.0,5.0,0.0,0.0,0.0,9.0,0.0,17.0
39,50_up,11080,11130,TATAACATTCACAGCCACAGAACTAATCATATTTTATATCTTCTTCGAAA,19,11,3.0,17,0.0,1.0,0.0,0.0,0.0,2.0,4.0,0.0,0.0,0.0,4.0,0.0,11.0
41,50_up,11462,11512,CTCTTAAAACTAGGCGGCTATGGTATAATACGCCTCACACTCATTCTCAA,15,14,7.0,14,0.0,0.0,0.0,0.0,0.0,1.0,13.0,0.0,1.0,0.0,11.0,0.0,26.0
42,50_up,11593,11643,ACAAACAGACCTAAAATCGCTCATTGCATACTCTTCAATCAGCCACATAG,19,15,5.0,11,0.0,1.0,0.0,0.0,0.0,3.0,14.0,1.0,0.0,0.0,4.0,0.0,23.0
43,50_up,11968,12018,AGCCCTATACTCCCTCTACATATTTACCACAACACAATGGGGCTCACTCA,15,18,5.0,12,0.0,1.0,0.0,0.0,0.0,0.0,6.0,0.0,0.0,1.0,3.0,0.0,11.0
45,50_up,12309,12359,AATTTTGGTGCAACTCCAAATAAAAGTAATAACCATGCACACTACTATAA,22,10,5.0,13,0.0,0.0,1.0,0.0,0.0,3.0,6.0,1.0,0.0,0.0,11.0,0.0,22.0
46,50_up,12492,12542,AATATTCATGTGCCTAGACCAAGAAGTTATTATCTCGAACTGACACTGAG,17,10,9.0,14,0.0,0.0,0.0,0.0,0.0,2.0,15.0,1.0,0.0,0.0,8.0,0.0,26.0
47,50_up,12877,12927,GGTTTCATCCTCGCCTTAGCATGATTTATCCTACACTCCAACTCATGAGA,12,15,7.0,16,0.0,2.0,0.0,0.0,0.0,1.0,13.0,1.0,0.0,0.0,9.0,0.0,26.0
48,50_up,12976,13026,CTAGGCCTCCTCCTAGCAGCAGCAGGCAAATCAGCCCAATTAGGTCTCCA,13,18,10.0,9,0.0,0.0,0.0,1.0,0.0,4.0,13.0,2.0,0.0,0.0,5.0,0.0,25.0
49,50_up,13072,13122,CTACTCCACTCAAGCACTATAGTTGTAGCAGGAATCTTCTTACTCATCCG,13,15,7.0,15,0.0,0.0,1.0,0.0,0.0,2.0,11.0,3.0,1.0,0.0,3.0,0.0,21.0
50,50_up,13597,13647,GCCTATAGCACTCGAATAATTCTTCTCACCCTAACAGGTCAACCTCGCTT,13,17,6.0,14,0.0,0.0,0.0,0.0,0.0,0.0,8.0,0.0,0.0,0.0,12.0,0.0,20.0
51,50_up,13705,13755,CTGGCAGCCGGAAGCCTATTCGCAGGATTTCTCATTACTAACAACATTTC,13,14,9.0,14,0.0,3.0,1.0,0.0,0.0,0.0,19.0,1.0,1.0,0.0,6.0,0.0,31.0
52,50_up,13897,13947,TATTTCTCCAACATACTCGGATTCTACCCTAGCATCACACACCGCACAAT,15,18,4.0,13,0.0,2.0,0.0,2.0,0.0,1.0,19.0,0.0,0.0,0.0,9.0,0.0,33.0
53,50_up,14065,14115,ACCTCAACCCAAAAAGGCATAATTAAACTTTACTTCCTCTCTTTCTTCTT,15,15,2.0,18,1.0,3.0,0.0,0.0,0.0,3.0,2.0,0.0,0.0,0.0,13.0,0.0,22.0
54,50_up,14195,14245,AATGTTCAACCAGTAACTACTACTAATCAACGCCCATAATCATACAAAGC,21,14,4.0,11,0.0,2.0,0.0,0.0,0.0,0.0,11.0,0.0,0.0,0.0,4.0,0.0,17.0
55,50_up,14284,14334,CTCTCCTTCATAAATTATTCAGCTTCCTACACTATTAAAGTTTACCACAA,16,14,2.0,18,1.0,2.0,0.0,0.0,1.0,1.0,2.0,0.0,0.0,0.0,11.0,0.0,18.0
57,50_up,14440,14490,ATACTCCTCAATAGCCATCGCTGTAGTATATCCAAAGACAACCATCATTC,17,15,5.0,13,0.0,0.0,0.0,1.0,0.0,1.0,10.0,1.0,1.0,0.0,13.0,0.0,27.0
60,50_up,14721,14771,GTTGTATTTCAACTACAAGAACACCAATGACCCCAATACGCAAAACTAAC,21,14,5.0,10,0.0,1.0,0.0,0.0,0.0,1.0,8.0,0.0,0.0,0.0,3.0,0.0,13.0
61,50_up,15318,15368,CCCTAGCAACACTCCACCTCCTATTCTTGCACGAAACGGGATCAAACAAC,16,19,6.0,9,0.0,1.0,2.0,1.0,0.0,0.0,13.0,0.0,0.0,0.0,4.0,0.0,21.0
62,50_up,15436,15486,CGGCTTACTTCTCTTCCTTCTCTCCTTAATGACATTAACACTATTCTCAC,10,17,3.0,20,0.0,0.0,0.0,0.0,0.0,0.0,8.0,0.0,0.0,0.0,12.0,0.0,20.0
64,50_up,15574,15624,CGCCTACACAATTCTCCGATCCGTCCCTAACAAACTAGGAGGCGTCCTTG,12,18,9.0,11,0.0,0.0,0.0,0.0,0.0,2.0,17.0,1.0,1.0,0.0,9.0,0.0,30.0
65,50_up,16109,16159,AGCCACCATGAATATTGTACGGTACCATAAATACTTGACCACCTGTAGTA,17,12,8.0,13,0.0,3.0,0.0,2.0,1.0,35.0,19.0,0.0,0.0,0.0,2.0,0.0,62.0
66,50_up,16210,16260,ACAGCAATCAACCCTCAACTATCACACATCAACTGCAACTCCAAAGCCAC,20,20,3.0,7,1.0,8.0,0.0,1.0,0.0,24.0,2.0,0.0,0.0,0.0,0.0,0.0,36.0
67,50_up,16303,16353,GTACATAGTACATAAAGCCATTTACCGTACATAGCACATTACAGTCAAAT,20,11,6.0,13,0.0,4.0,2.0,0.0,0.0,15.0,2.0,0.0,0.0,0.0,5.0,0.0,28.0
1,100_up,195,245,TTACTAAAGTGTGTTAATTAATTAATGCTTGTAGGACATAATAATAACAA,21,4,7.0,18,0.0,23.0,1.0,0.0,0.0,4.0,14.0,1.0,2.0,0.0,21.0,0.0,66.0
5,100_up,857,907,GCTATACTAACCCCAGGGTTGGTCAATTTCGTGCCAGCCACCGCGGTCAC,10,17,12.0,11,1.0,0.0,0.0,0.0,0.0,0.0,14.0,0.0,0.0,0.0,14.0,0.0,29.0
6,100_up,1582,1632,GAAAGTGCACTTGGACGAACCAGAGTGTAGCTTAACACAAAGCACCCAAC,19,13,11.0,7,0.0,0.0,1.0,1.0,1.0,0.0,29.0,2.0,0.0,0.0,5.0,0.0,39.0
7,100_up,1957,2007,AGCAAAATAGTGGGAAGATTTATAGGTAGAGGCGACAAACCTACCGAGCC,19,9,14.0,8,0.0,2.0,0.0,0.0,0.0,0.0,33.0,0.0,0.0,0.0,7.0,0.0,42.0
8,100_up,3104,3154,TACTTCAAATTCCTCCCTGTACGAAAGGACAAGAGAAATAAGGCCTACT,18,12,8.0,11,0.0,0.0,0.0,0.0,0.0,0.0,13.0,0.0,0.0,0.0,4.0,0.0,17.0
9,100_up,3384,3434,AATTCTAGGCTATATACAACTACGCAAAGGCCCCAACGTTGTAGGCCCCT,15,15,9.0,11,0.0,0.0,0.0,0.0,1.0,2.0,7.0,1.0,0.0,0.0,6.0,0.0,17.0
11,100_up,3769,3819,CTAATAAGTGGCTCCTTTAACCTCTCCACCCTTATCACAACACAAGAACA,17,17,4.0,12,0.0,2.0,0.0,0.0,0.0,1.0,9.0,0.0,0.0,0.0,8.0,0.0,20.0
13,100_up,3986,4036,AATACACAAACATTATTATAATAAACACCCTCACCACTACAATCTTCCTA,22,15,0.0,13,0.0,1.0,1.0,0.0,0.0,0.0,0.0,0.0,0.0,0.0,2.0,0.0,4.0
14,100_up,4128,4178,AACAGCATACCCCCGATTCCGCTACGACCAACTCATACACCTCCTATGAA,16,20,5.0,9,0.0,1.0,1.0,0.0,0.0,1.0,18.0,0.0,0.0,0.0,3.0,0.0,24.0
17,100_up,4779,4829,ATAAAACTAGGAATAGCCCCCTTTCACTTCTGAGTCCCAGAGGTTACCCA,15,15,8.0,12,0.0,1.0,0.0,0.0,1.0,1.0,16.0,1.0,0.0,0.0,6.0,0.0,26.0
18,100_up,5093,5143,TATTATCCTAACTACTACCGCATTCCTACTACTCAACTTAAACTCCAGCA,16,17,2.0,15,0.0,1.0,0.0,2.0,0.0,3.0,2.0,0.0,0.0,0.0,10.0,0.0,18.0
21,100_up,6321,6371,GGAGCCTCCGTAGACCTAACCATCTTCTCCTTACACCTAGCAGGTGTCTC,10,18,9.0,13,0.0,1.0,0.0,2.0,0.0,2.0,10.0,1.0,0.0,0.0,5.0,0.0,21.0
23,100_up,7297,7347,TAATATTAATAATTTTCATGATTTGAGAAGCCTTCGCTTCGAAGCGAAAA,18,7,8.0,17,0.0,2.0,0.0,2.0,0.0,0.0,9.0,2.0,0.0,0.0,6.0,0.0,21.0
24,100_up,7707,7757,CCCTTTTCCTAACACTCACAACAAAACTAACTAATACTAACATCTCAGAC,20,17,1.0,12,0.0,1.0,0.0,1.0,0.0,0.0,0.0,0.0,0.0,0.0,2.0,0.0,4.0
25,100_up,7842,7892,TAACAGACGAGGTCAACGATCCCTCCCTTACCATCAAATCAATTGGCCAC,16,17,7.0,10,1.0,1.0,0.0,0.0,0.0,3.0,7.0,0.0,0.0,0.0,6.0,0.0,18.0
26,100_up,8162,8212,TACGGTCAATGCTCTGAAATCTGTGGAGCAAACCACAGTTTCATGCCCAT,14,13,10.0,13,0.0,0.0,0.0,0.0,0.0,1.0,10.0,0.0,0.0,0.0,5.0,0.0,16.0
27,100_up,8368,8418,GCCCCAACTAAATACTACCGTATGGCCCACCATAATTACCCCCATACTCC,15,21,4.0,10,0.0,1.0,0.0,0.0,0.0,3.0,4.0,0.0,0.0,0.0,2.0,0.0,10.0
29,100_up,8706,8756,ACACAACACTAAAGGACGAACCTGATCTCTTATACTAGTATCCTTAATCA,19,13,5.0,13,0.0,1.0,0.0,0.0,0.0,1.0,3.0,0.0,0.0,0.0,2.0,0.0,7.0
31,100_up,9143,9193,TCGCCTTAATCCAAGCCTACGTTTTCACACTTCTAGTAAGCCTCTACCTG,11,17,6.0,16,0.0,1.0,0.0,0.0,0.0,0.0,7.0,1.0,0.0,0.0,7.0,0.0,16.0
32,100_up,9426,9476,CCTGTCCAAAAAGGCCTTCGATACGGGATAATCCTATTTATTACCTCAGA,15,13,8.0,14,0.0,0.0,0.0,1.0,0.0,2.0,11.0,0.0,0.0,0.0,9.0,0.0,23.0
34,100_up,10084,10134,TCAACACCCTCCTAGCCTTACTACTAATAATTATTACATTTTGACTACCA,16,15,2.0,17,0.0,3.0,0.0,0.0,0.0,1.0,2.0,0.0,0.0,0.0,5.0,0.0,11.0
36,100_up,10512,10562,TCACTTCTAGGAATACTAGTATATCGCTCACACCTCATATCCTCCCTACT,13,17,4.0,16,0.0,1.0,0.0,0.0,0.0,2.0,7.0,0.0,0.0,0.0,7.0,0.0,17.0
37,100_up,10818,10868,AACACATAATTTGAATCAACACAACCACCCACAGCCTAATTATTAGCATC,21,15,3.0,11,0.0,0.0,0.0,2.0,0.0,2.0,5.0,0.0,0.0,0.0,6.0,0.0,15.0
39,100_up,11030,11080,CGAAAAAAACTCTACCTCTCTATACTAATCTCCCTACAAATCTCCTTAAT,18,16,1.0,15,1.0,4.0,0.0,1.0,0.0,2.0,1.0,0.0,0.0,0.0,14.0,0.0,23.0
41,100_up,11412,11462,AAGCCCATGTCGAAGCCCCCATCGCTGGGTCAATAGTACTTGCCGCAGTA,12,16,12.0,10,0.0,2.0,0.0,0.0,0.0,2.0,22.0,0.0,0.0,0.0,1.0,0.0,27.0
42,100_up,11543,11593,CTTGTACTATCCCTATGAGGCATAATTATAACAAGCTCCATCTGCCTACG,14,14,7.0,15,1.0,1.0,1.0,0.0,0.0,1.0,10.0,0.0,0.0,0.0,14.0,0.0,28.0
43,100_up,11918,11968,TCCTGATCAAATATCACTCTCCTACTTACAGGACTCAACATACTAGTCAC,16,16,4.0,14,0.0,2.0,1.0,0.0,0.0,1.0,5.0,0.0,0.0,0.0,8.0,0.0,17.0
45,100_up,12259,12309,TTTCTCAACTTTTAAAGGATAACAGCTATCCATTGGTCTTAGGCCCCAAA,15,12,7.0,16,0.0,1.0,0.0,0.0,0.0,0.0,12.0,0.0,0.0,2.0,7.0,0.0,22.0
46,100_up,12442,12492,GTAAAATCCATTGTCGCATCCACCTTTATTATCAGTCTCTTCCCCACAAC,13,17,4.0,16,0.0,0.0,0.0,0.0,0.0,0.0,11.0,1.0,0.0,0.0,8.0,0.0,20.0
47,100_up,12827,12877,CCAACACAGCAGCCATTCAAGCAATCCTATACAACCGTATCGGCGATATC,17,17,7.0,9,0.0,1.0,0.0,0.0,0.0,4.0,16.0,0.0,0.0,0.0,1.0,0.0,22.0
50,100_up,13547,13597,CAAACGCCTGAGCCCTATCTATTACTCTCATCGCTACCTCCCTGACAAGC,12,20,6.0,12,0.0,1.0,0.0,0.0,0.0,2.0,4.0,0.0,0.0,0.0,7.0,0.0,14.0
52,100_up,13847,13897,TCAACTACCTAACCAACAAACTTAAAATAAAATCCCCACTATGCACATTT,22,15,1.0,12,0.0,1.0,0.0,1.0,1.0,3.0,3.0,0.0,0.0,0.0,8.0,0.0,17.0
53,100_up,14015,14065,AGCTATTACCTAAAACAATTTCACAGCACCAAATCTCCACCTCCATCATC,18,18,2.0,12,0.0,0.0,0.0,2.0,0.0,2.0,2.0,0.0,0.0,0.0,10.0,0.0,16.0
54,100_up,14145,14195,ATAACCTATTCCCCCGAGCAATCTCAATTACAATATATACACCAACAAAC,21,16,2.0,11,0.0,0.0,0.0,2.0,0.0,1.0,2.0,0.0,0.0,0.0,8.0,0.0,13.0
60,100_up,14671,14721,CATTATTCTCGCACGGACTACAACCACGACCAATGATATGAAAAACCATC,19,15,6.0,10,1.0,1.0,0.0,0.0,0.0,0.0,6.0,1.0,0.0,0.0,3.0,0.0,12.0
61,100_up,15268,15318,CCTCACACGATTCTTTACCTTTCACTTCATCTTGCCCTTCATTATTGCAG,9,17,4.0,20,0.0,0.0,0.0,1.0,0.0,2.0,5.0,0.0,0.0,0.0,16.0,0.0,24.0
65,100_up,16059,16109,AGTATTGACTCACCCATCAACAACCGCTATGTATTTCGTACATTACTGCC,14,15,6.0,15,0.0,0.0,0.0,3.0,0.0,11.0,4.0,0.0,1.0,0.0,9.0,0.0,28.0
2,50_down,387,437,CAGATTTCAAATTTTATCTTTTGGCGGTATGCACTTTTAACAGTCACCCC,12,12,7.0,19,0.0,0.0,0.0,3.0,0.0,1.0,1.0,0.0,0.0,0.0,4.0,3.0,12.0
4,50_down,571,621,CCCACAGTTTATGTAGCTTACCTCCTCAAAGCAATACACTGAAAATGTTT,16,13,6.0,15,1.0,1.0,0.0,2.0,0.0,1.0,7.0,0.0,0.0,0.0,3.0,0.0,15.0
5,50_down,1002,1052,CAGTTGACACAAAATAGACTACGAAAGTGGCTTTAACATATCTGAACACA,21,10,8.0,11,0.0,0.0,0.0,0.0,0.0,0.0,10.0,0.0,0.0,0.0,4.0,0.0,14.0
6,50_down,1715,1765,CTTAGCCAAACCATTTACCCAAATAAAGTATAGGCGATAGAAATTGAAAC,22,10,7.0,11,0.0,3.0,0.0,0.0,0.0,2.0,8.0,0.0,0.0,1.0,6.0,0.0,20.0
7,50_down,2101,2151,CAAAGAGGAACAGCTCTTTGGACACTAGGAAAAAACCTTGTAGAGAGAGT,20,8,13.0,9,3.0,3.0,0.0,1.0,0.0,0.0,12.0,0.0,0.0,0.0,3.0,0.0,22.0
8,50_down,3247,3297,CGGTAATCGCATAAAACTTAAAACTTTACAGTCAGAGGTTCAATTCCTCT,17,11,7.0,15,0.0,0.0,1.0,1.0,0.0,0.0,12.0,1.0,0.0,0.0,8.0,0.0,23.0
10,50_down,3589,3639,CTGGTCAACCTCAACCTAGGCCTCCTATTTATTCTAGCCACCTCTAGCCT,10,19,6.0,15,0.0,3.0,0.0,0.0,0.0,1.0,4.0,1.0,0.0,0.0,12.0,0.0,21.0
12,50_down,3984,4034,CGAATACACAAACATTATTATAATAAACACCCTCACCACTACAATCTTCC,21,16,1.0,12,0.0,1.0,1.0,0.0,0.0,0.0,1.0,0.0,0.0,0.0,2.0,0.0,5.0
13,50_down,4111,4161,CTGTTCTTATGAATTCGAACAGCATACCCCCGATTCCGCTACGACCAACT,13,17,7.0,13,0.0,1.0,1.0,0.0,0.0,1.0,19.0,0.0,0.0,0.0,10.0,0.0,32.0
14,50_down,4253,4303,CTCAAACCTAAGAAATATGTCTGATAAAAGAGTTACTTTGATAGAGTAAA,22,6,8.0,14,0.0,1.0,0.0,1.0,0.0,0.0,11.0,0.0,1.0,0.0,8.0,0.0,22.0
15,50_down,4394,4444,CATCCTAAAGTAAGGTCAGCTAAATAAGCTATCGGGCCCATACCCCGAAA,18,14,9.0,9,0.0,2.0,0.0,0.0,0.0,2.0,38.0,0.0,0.0,0.0,3.0,0.0,45.0
16,50_down,4490,4540,CGTCATCTACTCTACCATCTTTGCAGGCACACTCATCACAGCGCTAAGCT,12,18,7.0,13,0.0,0.0,0.0,1.0,0.0,4.0,14.0,0.0,0.0,0.0,8.0,0.0,27.0
17,50_down,4910,4960,CTCACTAAACGTAAGCCTTCTCCTCACTCTCTCAATCTTATCCATCATAG,13,18,3.0,16,0.0,0.0,0.0,0.0,0.0,1.0,9.0,0.0,0.0,0.0,13.0,0.0,23.0
18,50_down,5236,5286,CGCTAACCGGCTTTTTGCCCAAATGGGCCATTATCGAAGAATTCACAAAA,16,13,9.0,12,0.0,0.0,0.0,0.0,0.0,1.0,11.0,0.0,0.0,0.0,5.0,0.0,17.0
19,50_down,5337,5387,CTCTACTTCTACCTACGCCTAATCTACTCCACCTCAATCACACTACTCCC,12,23,1.0,14,0.0,2.0,0.0,0.0,0.0,1.0,3.0,0.0,0.0,0.0,12.0,0.0,18.0
20,50_down,5463,5513,CTTACCACGCTACTCCTACCTATCTCCCCTTTTATACTAATAATCTTATA,13,17,1.0,19,0.0,0.0,0.0,0.0,0.0,3.0,2.0,0.0,0.0,0.0,16.0,0.0,21.0
21,50_down,6468,6518,CTAATCACAGCAGTCCTACTTCTCCTATCTCTCCCAGTCCTAGCTGCTGG,9,19,7.0,15,0.0,0.0,0.0,0.0,0.0,3.0,7.0,1.0,0.0,0.0,7.0,0.0,18.0
22,50_down,6587,6637,CATTCTATACCAACACCTATTCTGATTTTTCGGTCACCCTGAAGTTTATA,13,13,5.0,19,0.0,3.0,0.0,0.0,0.0,1.0,3.0,0.0,0.0,0.0,7.0,0.0,14.0
23,50_down,7412,7462,CACATTCGAAGAACCCGTATACATAAAATCTAGACAAAAAAGGAAGGAAT,25,9,8.0,8,0.0,0.0,0.0,0.0,0.0,2.0,5.0,0.0,0.0,0.0,1.0,0.0,8.0
24,50_down,7826,7876,CTACGCATCCTTTACATAACAGACGAGGTCAACGATCCCTCCCTTACCAT,14,18,6.0,12,1.0,1.0,0.0,0.0,0.0,2.0,4.0,0.0,0.0,0.0,8.0,0.0,16.0
25,50_down,7991,8041,CTTGACGTTGACAATCGAGTAGTACTCCCGATTGAAGCCCCCATTCGTAT,12,14,10.0,14,0.0,1.0,0.0,0.0,0.0,0.0,14.0,1.0,0.0,0.0,5.0,0.0,21.0
26,50_down,8295,8345,CACTGTAAAGCTAACTTAGCATTAACCTTTTAAGTTAAAGATTAAGAGAA,21,7,7.0,15,0.0,0.0,1.0,0.0,0.0,1.0,5.0,0.0,0.0,0.0,0.0,0.0,7.0
27,50_down,8488,8538,CATAAAAATAAAAAATTATAACAAACCCTGAGAACCAAAATGAACGAAAA,31,8,4.0,7,0.0,2.0,1.0,0.0,0.0,0.0,5.0,0.0,1.0,0.0,1.0,0.0,10.0
28,50_down,8608,8658,CCTCTATTGATCCCCACCTCCAAATATCTCATCAACAACCGACTAATCAC,16,20,2.0,12,0.0,0.0,0.0,0.0,0.0,3.0,2.0,0.0,0.0,0.0,12.0,0.0,17.0
29,50_down,8847,8897,CTTATGAGCGGGCACAGTGATTATAGGCTTTCGCTCTAAGATTAAAAATG,15,8,12.0,15,0.0,0.0,1.0,1.0,1.0,2.0,17.0,0.0,0.0,0.0,11.0,0.0,33.0
30,50_down,8943,8993,CATACTAGTTATTATCGAAACCATCAGCCTACTCATTCAACCAATAGCCC,17,16,4.0,13,0.0,0.0,0.0,0.0,0.0,2.0,6.0,0.0,0.0,1.0,4.0,0.0,13.0
31,50_down,9270,9320,CTCTCAGCCCTCCTAATGACCTCCGGCCTAGCCATGTGATTTCACTTCCA,9,20,7.0,14,0.0,0.0,1.0,0.0,0.0,1.0,7.0,0.0,0.0,0.0,11.0,0.0,20.0
33,50_down,9611,9661,CGTATTACTCGCATCAGGAGTATCAATCACCTGAGCTCACCATAGTCTAA,15,14,8.0,13,0.0,0.0,0.0,1.0,0.0,3.0,21.0,0.0,0.0,0.0,7.0,0.0,32.0
34,50_down,10207,10257,CTTTCTCCATAAAATTCTTCTTAGTAGCTATTACCTTCTTATTATTTGAT,12,10,3.0,25,0.0,1.0,0.0,0.0,0.0,2.0,3.0,0.0,0.0,0.0,9.0,0.0,15.0
35,50_down,10293,10343,CTACAAACAACTAACCTGCCACTAATAGTTATGTCATCCCTCTTATTAAT,17,14,3.0,16,1.0,1.0,0.0,1.0,0.0,0.0,1.0,0.0,0.0,0.0,7.0,0.0,11.0
36,50_down,10637,10687,CAATATTGTGCCTATTGCCATACTAGTCTTTGCCGCCTGCGAAGCAGCGG,10,14,12.0,14,1.0,2.0,0.0,0.0,0.0,2.0,29.0,2.0,0.0,0.0,6.0,0.0,42.0
38,50_down,11022,11072,CACTATCACGAAAAAAACTCTACCTCTCTATACTAATCTCCCTACAAATC,19,17,1.0,13,1.0,4.0,0.0,2.0,0.0,2.0,1.0,0.0,0.0,0.0,11.0,0.0,21.0
40,50_down,11236,11286,CCTACTCATCGCACTAATTTACACTCACAACACCCTAGGCTCACTAAACA,17,19,3.0,11,0.0,1.0,1.0,0.0,0.0,1.0,6.0,0.0,0.0,0.0,4.0,0.0,13.0
41,50_down,11538,11588,CCTTCCTTGTACTATCCCTATGAGGCATAATTATAACAAGCTCCATCTGC,13,15,6.0,16,1.0,0.0,1.0,0.0,0.0,1.0,6.0,0.0,0.0,0.0,14.0,0.0,23.0
42,50_down,11677,11727,CTGAAGCTTCACCGGCGCAGTCATTCTCATAATCGCCCACGGGCTTACAT,11,17,10.0,12,0.0,0.0,0.0,0.0,0.0,1.0,47.0,0.0,0.0,0.0,2.0,0.0,50.0
44,50_down,12115,12165,CATCATTACCGGGTTTTCCTCTTGTAAATATAGTTTAACCAAAACATCAG,16,11,6.0,17,0.0,0.0,0.0,0.0,0.0,1.0,8.0,0.0,0.0,0.0,10.0,1.0,20.0
45,50_down,12403,12453,CTCGTTAACCCTAACAAAAAAAACTCATACCCCCATTATGTAAAATCCAT,21,15,2.0,12,12.0,2.0,0.0,0.0,0.0,5.0,4.0,0.0,0.0,0.0,6.0,0.0,29.0
46,50_down,12568,12618,CTAAGCTTCAAACTAGACTACTTCTCCATAATATTCATCCCTGTAGCATT,15,14,4.0,17,0.0,0.0,0.0,0.0,0.0,1.0,13.0,0.0,0.0,0.0,10.0,0.0,24.0
47,50_down,12971,13021,CACTACTAGGCCTCCTCCTAGCAGCAGCAGGCAAATCAGCCCAATTAGGT,14,17,10.0,9,0.0,1.0,0.0,1.0,0.0,4.0,13.0,2.0,0.0,0.0,5.0,0.0,26.0
48,50_down,13061,13111,CAGTCTCAGCCCTACTCCACTCAAGCACTATAGTTGTAGCAGGAATCTTC,13,16,8.0,13,0.0,1.0,1.0,0.0,0.0,2.0,18.0,3.0,0.0,0.0,4.0,0.0,29.0
49,50_down,13148,13198,CACTAATCCAAACTCTAACACTATGCTTAGGCGCTATCACCACTCTGTTC,14,17,5.0,14,0.0,0.0,0.0,1.0,0.0,2.0,8.0,1.0,0.0,1.0,7.0,0.0,20.0
50,50_down,13695,13745,CATTAAACGCCTGGCAGCCGGAAGCCTATTCGCAGGATTTCTCATTACTA,13,14,10.0,13,0.0,3.0,1.0,0.0,0.0,1.0,19.0,1.0,1.0,0.0,5.0,0.0,31.0
51,50_down,13785,13835,CCTCTACCTAAAACTCACAGCCCTCGCTGTCACTTTCCTAGGACTTCTAA,12,19,5.0,14,0.0,1.0,0.0,2.0,0.0,3.0,2.0,1.0,0.0,0.0,9.0,0.0,18.0
52,50_down,13993,14043,CTAGACCTAACCTGACTAGAAAAGCTATTACCTAAAACAATTTCACAGCA,21,13,5.0,11,0.0,5.0,0.0,0.0,0.0,0.0,3.0,1.0,0.0,0.0,5.0,0.0,14.0
53,50_down,14137,14187,CTAATCACATAACCTATTCCCCCGAGCAATCTCAATTACAATATATACAC,19,16,2.0,13,0.0,0.0,0.0,2.0,0.0,2.0,2.0,0.0,0.0,0.0,9.0,0.0,15.0
54,50_down,14284,14334,CTCTCCTTCATAAATTATTCAGCTTCCTACACTATTAAAGTTTACCACAA,16,14,2.0,18,1.0,2.0,0.0,0.0,1.0,1.0,2.0,0.0,0.0,0.0,11.0,0.0,18.0
56,50_down,14428,14478,CCATGCCTCAGGATACTCCTCAATAGCCATCGCTGTAGTATATCCAAAGA,15,15,8.0,12,0.0,1.0,0.0,1.0,0.0,1.0,14.0,1.0,1.0,0.0,11.0,0.0,30.0
59,50_down,14644,14694,CACACTCAACAGAAACAAAGCATACATCATTATTCTCGCACGGACTACAA,21,15,5.0,9,0.0,3.0,0.0,0.0,0.0,1.0,3.0,0.0,0.0,0.0,4.0,0.0,11.0
60,50_down,14817,14867,CATCCAACATCTCCGCATGATGAAACTTCGGCTCACTCCTTGGCGCCTGC,10,19,9.0,12,0.0,0.0,0.0,1.0,0.0,0.0,31.0,0.0,0.0,0.0,7.0,0.0,39.0
61,50_down,15415,15465,CTACACAATCAAAGACGCCCTCGGCTTACTTCTCTTCCTTCTCTCCTTAA,11,19,4.0,16,0.0,0.0,0.0,0.0,0.0,1.0,10.0,0.0,0.0,0.0,10.0,0.0,21.0
63,50_down,15556,15606,CGAATGATATTTCCTATTCGCCTACACAATTCTCCGATCCGTCCCTAACA,13,17,5.0,15,0.0,2.0,0.0,0.0,0.0,2.0,8.0,1.0,1.0,0.0,12.0,0.0,26.0
64,50_down,15668,15718,CATATATCCAAACAACAAAGCATAATATTTCGCCCACTAAGCCAATCACT,21,15,3.0,11,0.0,0.0,0.0,2.0,0.0,4.0,11.0,2.0,0.0,0.0,8.0,0.0,27.0
65,50_down,16193,16243,CATGCTTACAAGCAAGTACAGCAATCAACCCTCAACTATCACACATCAAC,20,17,4.0,9,2.0,8.0,0.0,4.0,0.0,16.0,2.0,0.0,0.0,0.0,4.0,0.0,36.0
66,50_down,16296,16346,CTTAACAGTACATAGTACATAAAGCCATTTACCGTACATAGCACATTACA,20,12,5.0,13,0.0,4.0,2.0,0.0,1.0,15.0,2.0,0.0,0.0,0.0,5.0,0.0,29.0
67,50_down,16380,16430,CTCAGATAGGGGTCCCTTGACCACCATCCTCCGTGAAATCAATATCCCGC,12,18,9.0,11,0.0,8.0,0.0,0.0,0.0,2.0,35.0,0.0,0.0,1.0,0.0,0.0,46.0
4,100_down,621,671,AGACGGGCTCACATCACCCCATAAACAAATAGGTTTGGTCCTAGCCTTTC,14,15,9.0,12,0.0,0.0,2.0,1.0,0.0,2.0,15.0,0.0,0.0,0.0,13.0,1.0,34.0
5,100_down,1052,1102,CAATAGCTAAGACCCAAACTGGGATTAGATACCCCACTATGCTTAGCCCT,16,15,8.0,11,0.0,3.0,0.0,0.0,0.0,0.0,11.0,0.0,0.0,0.0,7.0,0.0,21.0
6,100_down,1765,1815,CTGGCGCAATAGATATAGTACCGCAAGGGAAAGATGAAAAATTATAACCA,22,8,11.0,9,0.0,1.0,1.0,0.0,0.0,0.0,22.0,2.0,0.0,0.0,4.0,1.0,31.0
7,100_down,2151,2201,AAAAAATTTAACACCCATAGTAGGCCTAAAAGCAGCCACCAATTAAGAAA,25,11,6.0,8,0.0,0.0,0.0,0.0,0.0,1.0,11.0,1.0,0.0,0.0,3.0,0.0,16.0
8,100_down,3297,3347,TCTTAACAACATACCCATGGCCAACCTCCTACTCCTCATTGTACCCATTC,13,20,3.0,14,0.0,1.0,0.0,1.0,0.0,3.0,6.0,0.0,0.0,0.0,9.0,0.0,20.0
10,100_down,3639,3689,AGCCGTTTACTCAATCCTCTGATCAGGGTGAGCATCAAACTCAAACTACG,15,14,9.0,12,0.0,1.0,0.0,0.0,0.0,0.0,18.0,0.0,0.0,0.0,4.0,0.0,23.0
12,100_down,4034,4084,TAGGAACAACATATGACGCACTCTCCCCTGAACTCTACACAACATATTTT,17,15,5.0,13,0.0,2.0,0.0,0.0,0.0,2.0,9.0,0.0,0.0,0.0,4.0,0.0,17.0
13,100_down,4161,4211,CATACACCTCCTATGAAAAAACTTCCTACCACTCACCCTAGCATTACTTA,17,18,2.0,13,0.0,0.0,0.0,0.0,0.0,0.0,2.0,1.0,0.0,0.0,2.0,0.0,5.0
16,100_down,4540,4590,CGCACTGATTTTTTACCTGAGTAGGCCTAGAAATAAACATGCTAGCTTTT,14,10,9.0,17,0.0,0.0,0.0,0.0,0.0,0.0,13.0,0.0,0.0,0.0,8.0,0.0,21.0
17,100_down,4960,5010,CAGGCAGTTGAGGTGGATTAAACCAAACCCAGCTACGCAAAATCTTAGCA,18,12,11.0,9,0.0,2.0,0.0,0.0,0.0,2.0,15.0,1.0,0.0,0.0,2.0,0.0,22.0
20,100_down,5513,5563,GAAATTTAGGTTAAATACAGACCAAGAGCCTTCAAAGCCCTCAGTAAGTT,19,10,9.0,12,0.0,2.0,0.0,0.0,0.0,1.0,13.0,1.0,0.0,0.0,8.0,0.0,25.0
22,100_down,6637,6687,TTCTTATCCTACCAGGCTTCGGAATAATCTCCCATATTGTAACTTACTAC,13,14,5.0,18,0.0,0.0,0.0,0.0,0.0,1.0,8.0,1.0,0.0,0.0,9.0,0.0,19.0
23,100_down,7462,7512,CGAACCCCCCAAAGCTGGTTTCAAGCCAACCCCATGGCCTCCATGACTTT,12,20,8.0,10,2.0,0.0,1.0,0.0,0.0,1.0,8.0,0.0,0.0,0.0,1.0,0.0,13.0
24,100_down,7876,7926,CAAATCAATTGGCCACCAATGGTACTGAACCTACGAGTACACCGACTACG,17,15,9.0,9,0.0,1.0,0.0,0.0,0.0,1.0,10.0,0.0,0.0,0.0,1.0,0.0,13.0
25,100_down,8041,8091,AATAATTACATCACAAGACGTCTTGCACTCATGAGCTGTCCCCACATTAG,16,14,7.0,13,0.0,0.0,0.0,0.0,0.0,0.0,3.0,0.0,0.0,0.0,3.0,0.0,6.0
26,100_down,8345,8395,CCAACACCTCTTTACAGTGAAATGCCCCAACTAAATACTACCGTATGGCC,16,17,6.0,11,0.0,1.0,0.0,0.0,0.0,2.0,7.0,0.0,0.0,0.0,3.0,0.0,13.0
28,100_down,8658,8708,CACCCAACAATGACTAATCAAACTAACCTCAAAACAAATGATAACCATAC,25,15,2.0,8,0.0,2.0,1.0,0.0,0.0,1.0,2.0,0.0,0.0,0.0,4.0,0.0,10.0
30,100_down,8993,9043,TGGCCGTACGCCTAACCGCTAACATTACTGCAGGCCACCTACTCATGCAC,12,19,9.0,10,0.0,1.0,0.0,0.0,0.0,2.0,16.0,0.0,0.0,0.0,2.0,0.0,21.0
31,100_down,9320,9370,CTCCATAACGCTCCTCATACTAGGCCTACTAACCAACACACTAACCATAT,17,19,3.0,11,1.0,0.0,1.0,0.0,0.0,1.0,9.0,0.0,0.0,0.0,2.0,0.0,14.0
33,100_down,9661,9711,TAGAAAACAACCGAAACCAAATAATTCAAGCACTGCTTATTACAATTTTA,23,10,4.0,13,0.0,1.0,0.0,0.0,0.0,0.0,4.0,0.0,0.0,0.0,7.0,0.0,12.0
35,100_down,10343,10393,CATCATCCTAGCCCTAAGTCTGGCCTATGAGTGACTACAAAAAGGATTAG,16,12,10.0,12,0.0,0.0,0.0,0.0,0.0,1.0,18.0,1.0,0.0,0.0,8.0,0.0,28.0
36,100_down,10687,10737,TGGGCCTAGCCCTACTAGTCTCAATCTCCAACACATATGGCCTAGACTAC,13,17,8.0,12,1.0,1.0,0.0,0.0,0.0,2.0,7.0,0.0,0.0,0.0,3.0,0.0,14.0
38,100_down,11072,11122,TCCTTAATTATAACATTCACAGCCACAGAACTAATCATATTTTATATCTT,18,11,2.0,19,0.0,1.0,0.0,0.0,0.0,2.0,2.0,0.0,0.0,0.0,8.0,0.0,13.0
40,100_down,11286,11336,TTCTACTACTCACTCTCACTGCCCAAGAACTATCAAACTCCTGAGCCAAC,15,19,4.0,12,0.0,0.0,0.0,0.0,0.0,0.0,7.0,0.0,0.0,0.0,5.0,0.0,12.0
41,100_down,11588,11638,CTACGACAAACAGACCTAAAATCGCTCATTGCATACTCTTCAATCAGCCA,18,16,5.0,11,0.0,2.0,0.0,0.0,0.0,3.0,12.0,0.0,0.0,0.0,4.0,0.0,21.0
42,100_down,11727,11777,CCTCATTACTATTCTGCCTAGCAAACTCAAACTACGAACGCACTCACAGT,16,17,5.0,12,0.0,0.0,0.0,1.0,0.0,0.0,8.0,0.0,0.0,0.0,2.0,0.0,11.0
44,100_down,12165,12215,ATTGTGAATCTGACAACAGAGGCTTACGACCCCTTATTTACCGAGAAAGC,16,12,10.0,12,0.0,2.0,0.0,1.0,0.0,0.0,11.0,0.0,0.0,0.0,6.0,0.0,20.0
45,100_down,12453,12503,TGTCGCATCCACCTTTATTATCAGTCTCTTCCCCACAACAATATTCATGT,12,16,4.0,18,0.0,0.0,0.0,0.0,0.0,1.0,11.0,1.0,0.0,0.0,9.0,0.0,22.0
46,100_down,12618,12668,GTTCGTTACATGGTCCATCATAGAATTCTCACTGTGATATATAAACTCAG,15,10,8.0,17,0.0,2.0,1.0,0.0,0.0,0.0,22.0,0.0,0.0,0.0,16.0,0.0,41.0
49,100_down,13198,13248,GCAGCAGTCTGCGCCCTTACACAAAATGACATCAAAAAAATCGTAGCCTT,18,14,8.0,10,2.0,0.0,2.0,0.0,0.0,3.0,13.0,4.0,0.0,0.0,3.0,0.0,27.0
51,100_down,13835,13885,CAGCCCTAGACCTCAACTACCTAACCAACAAACTTAAAATAAAATCCCCA,22,18,2.0,8,0.0,1.0,0.0,1.0,1.0,3.0,3.0,0.0,0.0,0.0,5.0,0.0,14.0
52,100_down,14043,14093,CCAAATCTCCACCTCCATCATCACCTCAACCCAAAAAGGCATAATTAAAC,20,19,2.0,9,1.0,3.0,0.0,2.0,0.0,2.0,2.0,0.0,0.0,0.0,12.0,0.0,22.0
53,100_down,14187,14237,CAACAAACAATGTTCAACCAGTAACTACTACTAATCAACGCCCATAATCA,22,15,3.0,10,0.0,2.0,0.0,0.0,0.0,0.0,9.0,0.0,0.0,0.0,4.0,0.0,15.0
59,100_down,14694,14744,CCACGACCAATGATATGAAAAACCATCGTTGTATTTCAACTACAAGAACA,21,12,6.0,11,1.0,0.0,0.0,0.0,0.0,1.0,6.0,1.0,0.0,0.0,3.0,0.0,12.0
60,100_down,14867,14917,CTGATCCTCCAAATCACCACAGGACTATTCCTAGCCATGCACTACTCACC,14,20,5.0,11,1.0,0.0,0.0,0.0,0.0,3.0,10.0,0.0,0.0,0.0,14.0,0.0,28.0
64,100_down,15718,15768,TTATTGACTCCTAGCCGCAGACCTCCTCATTCTAACCTGAATCGGAGGAC,12,16,9.0,13,0.0,1.0,0.0,1.0,0.0,2.0,16.0,1.0,0.0,0.0,6.0,1.0,28.0
67,100_down,16430,16480,ACAAGAGTGCTACTCTCCTCGCTCCGGGCCCATAACACTTGGGGGTAGCT,10,16,13.0,11,0.0,0.0,0.0,1.0,0.0,5.0,10.0,0.0,0.0,0.0,1.0,0.0,17.0
