G4_id,pos_in_seq,pos_in_ref,nuc,category
1,0,295,C,Tetrad
1,1,296,C,Tetrad
1,2,297,A,Bulges
1,3,298,C,Tetrad
1,4,299,C,Tetrad
1,5,300,A,Loop
1,6,301,A,Loop
1,7,302,A,Loop
1,8,303,C,Tetrad
1,9,304,C,Tetrad
1,10,305,C,Tetrad
1,11,306,C,Tetrad
1,12,307,C,Loop
1,13,308,C,Tetrad
1,14,309,C,Tetrad
1,15,310,T,Mismatch
1,16,311,C,Tetrad
1,17,312,C,Tetrad
1,18,313,C,Tetrad
1,19,314,C,Tetrad
1,20,315,C,Tetrad
2,0,353,C,Tetrad
2,1,354,C,Tetrad
2,2,355,C,Tetrad
2,3,356,C,Tetrad
2,4,357,A,Loop
2,5,358,A,Loop
2,6,359,A,Loop
2,7,360,A,Loop
2,8,361,A,Loop
2,9,362,C,Tetrad
2,10,363,A,Bulges
2,11,364,A,Bulges
2,12,365,A,Bulges
2,13,366,G,Bulges
2,14,367,A,Bulges
2,15,368,A,Bulges
2,16,369,C,Tetrad
2,17,370,C,Tetrad
2,18,371,C,Tetrad
2,19,372,T,Loop
2,20,373,A,Loop
2,21,374,A,Loop
2,22,375,C,Tetrad
2,23,376,A,Mismatch
2,24,377,C,Tetrad
2,25,378,C,Tetrad
2,26,379,A,Loop
2,27,380,G,Loop
2,28,381,C,Tetrad
2,29,382,C,Tetrad
2,30,383,T,Bulges
2,31,384,A,Bulges
2,32,385,A,Bulges
2,33,386,C,Tetrad
2,34,387,C,Tetrad
3,0,458,C,Tetrad
3,1,459,C,Tetrad
3,2,460,T,Bulges
3,3,461,C,Tetrad
3,4,462,C,Tetrad
3,5,463,C,Tetrad
3,6,464,A,Loop
3,7,465,C,Tetrad
3,8,466,T,Mismatch
3,9,467,C,Tetrad
3,10,468,C,Tetrad
3,11,469,C,Tetrad
3,12,470,A,Loop
3,13,471,T,Loop
3,14,472,A,Loop
3,15,473,C,Loop
3,16,474,T,Loop
3,17,475,A,Loop
3,18,476,C,Loop
3,19,477,T,Loop
3,20,478,A,Loop
3,21,479,A,Loop
3,22,480,T,Loop
3,23,481,C,Loop
3,24,482,T,Loop
3,25,483,C,Loop
3,26,484,A,Loop
3,27,485,T,Loop
3,28,486,C,Loop
3,29,487,A,Loop
3,30,488,A,Loop
3,31,489,T,Loop
3,32,490,A,Loop
3,33,491,C,Loop
3,34,492,A,Loop
3,35,493,A,Loop
3,36,494,C,Tetrad
3,37,495,C,Tetrad
3,38,496,C,Tetrad
3,39,497,C,Tetrad
3,40,498,C,Tetrad
3,41,499,G,Loop
3,42,500,C,Tetrad
3,43,501,C,Tetrad
3,44,502,C,Tetrad
3,45,503,A,Bulges
3,46,504,T,Bulges
3,47,505,C,Tetrad
3,48,506,C,Tetrad
4,0,534,C,Tetrad
4,1,535,C,Tetrad
4,2,536,C,Tetrad
4,3,537,C,Tetrad
4,4,538,A,Loop
4,5,539,T,Loop
4,6,540,A,Loop
4,7,541,C,Tetrad
4,8,542,C,Tetrad
4,9,543,C,Tetrad
4,10,544,C,Tetrad
4,11,545,G,Loop
4,12,546,A,Loop
4,13,547,A,Loop
4,14,548,C,Loop
4,15,549,C,Loop
4,16,550,A,Loop
4,17,551,A,Loop
4,18,552,C,Loop
4,19,553,C,Loop
4,20,554,A,Loop
4,21,555,A,Loop
4,22,556,A,Loop
4,23,557,C,Tetrad
4,24,558,C,Tetrad
4,25,559,C,Tetrad
4,26,560,C,Tetrad
4,27,561,A,Loop
4,28,562,A,Loop
4,29,563,A,Loop
4,30,564,G,Loop
4,31,565,A,Loop
4,32,566,C,Loop
4,33,567,A,Loop
4,34,568,C,Tetrad
4,35,569,C,Tetrad
4,36,570,C,Tetrad
4,37,571,C,Tetrad
5,0,957,C,Tetrad
5,1,958,C,Tetrad
5,2,959,C,Tetrad
5,3,960,C,Tetrad
5,4,961,T,Loop
5,5,962,C,Tetrad
5,6,963,C,Tetrad
5,7,964,C,Tetrad
5,8,965,C,Tetrad
5,9,966,A,Loop
5,10,967,A,Loop
5,11,968,T,Loop
5,12,969,A,Loop
5,13,970,A,Loop
5,14,971,A,Loop
5,15,972,G,Loop
5,16,973,C,Loop
5,17,974,T,Loop
5,18,975,A,Loop
5,19,976,A,Loop
5,20,977,A,Loop
5,21,978,A,Loop
5,22,979,C,Loop
5,23,980,T,Loop
5,24,981,C,Tetrad
5,25,982,A,Mismatch
5,26,983,C,Tetrad
5,27,984,C,Tetrad
5,28,985,T,Loop
5,29,986,G,Loop
5,30,987,A,Loop
5,31,988,G,Loop
5,32,989,T,Loop
5,33,990,T,Loop
5,34,991,G,Loop
5,35,992,T,Loop
5,36,993,A,Loop
5,37,994,A,Loop
5,38,995,A,Loop
5,39,996,A,Loop
5,40,997,A,Loop
5,41,998,A,Loop
5,42,999,C,Tetrad
5,43,1000,T,Mismatch
5,44,1001,C,Tetrad
5,45,1002,C,Tetrad
6,0,1682,C,Tetrad
6,1,1683,C,Tetrad
6,2,1684,C,Tetrad
6,3,1685,C,Tetrad
6,4,1686,A,Loop
6,5,1687,A,Loop
6,6,1688,A,Loop
6,7,1689,C,Tetrad
6,8,1690,C,Tetrad
6,9,1691,C,Tetrad
6,10,1692,A,Bulges
6,11,1693,C,Tetrad
6,12,1694,T,Loop
6,13,1695,C,Tetrad
6,14,1696,C,Tetrad
6,15,1697,A,Bulges
6,16,1698,C,Tetrad
6,17,1699,C,Tetrad
6,18,1700,T,Loop
6,19,1701,T,Loop
6,20,1702,A,Loop
6,21,1703,C,Loop
6,22,1704,T,Loop
6,23,1705,A,Loop
6,24,1706,C,Tetrad
6,25,1707,C,Tetrad
6,26,1708,A,Bulges
6,27,1709,G,Bulges
6,28,1710,A,Bulges
6,29,1711,C,Bulges
6,30,1712,A,Bulges
6,31,1713,A,Bulges
6,32,1714,C,Tetrad
6,33,1715,C,Tetrad
7,0,2057,C,Tetrad
7,1,2058,C,Tetrad
7,2,2059,C,Tetrad
7,3,2060,A,Loop
7,4,2061,C,Loop
7,5,2062,A,Loop
7,6,2063,G,Loop
7,7,2064,A,Loop
7,8,2065,A,Loop
7,9,2066,C,Tetrad
7,10,2067,C,Tetrad
7,11,2068,C,Tetrad
7,12,2069,T,Loop
7,13,2070,C,Loop
7,14,2071,T,Loop
7,15,2072,A,Loop
7,16,2073,A,Loop
7,17,2074,A,Loop
7,18,2075,T,Loop
7,19,2076,C,Loop
7,20,2077,C,Tetrad
7,21,2078,C,Tetrad
7,22,2079,C,Tetrad
7,23,2080,T,Loop
7,24,2081,T,Loop
7,25,2082,G,Loop
7,26,2083,T,Loop
7,27,2084,A,Loop
7,28,2085,A,Loop
7,29,2086,A,Loop
7,30,2087,T,Loop
7,31,2088,T,Loop
7,32,2089,T,Loop
7,33,2090,A,Loop
7,34,2091,A,Loop
7,35,2092,C,Tetrad
7,36,2093,T,Bulges
7,37,2094,G,Bulges
7,38,2095,T,Bulges
7,39,2096,T,Bulges
7,40,2097,A,Bulges
7,41,2098,G,Bulges
7,42,2099,T,Bulges
7,43,2100,C,Tetrad
7,44,2101,C,Tetrad
8,0,3204,C,Tetrad
8,1,3205,C,Tetrad
8,2,3206,C,Tetrad
8,3,3207,A,Loop
8,4,3208,C,Loop
8,5,3209,A,Loop
8,6,3210,C,Tetrad
8,7,3211,C,Tetrad
8,8,3212,C,Tetrad
8,9,3213,A,Loop
8,10,3214,C,Tetrad
8,11,3215,C,Tetrad
8,12,3216,C,Tetrad
8,13,3217,A,Loop
8,14,3218,A,Loop
8,15,3219,G,Loop
8,16,3220,A,Loop
8,17,3221,A,Loop
8,18,3222,C,Loop
8,19,3223,A,Loop
8,20,3224,G,Loop
8,21,3225,G,Loop
8,22,3226,G,Loop
8,23,3227,T,Loop
8,24,3228,T,Loop
8,25,3229,T,Loop
8,26,3230,G,Loop
8,27,3231,T,Loop
8,28,3232,T,Loop
8,29,3233,A,Loop
8,30,3234,A,Loop
8,31,3235,G,Loop
8,32,3236,A,Loop
8,33,3237,T,Loop
8,34,3238,G,Loop
8,35,3239,G,Loop
8,36,3240,C,Loop
8,37,3241,A,Loop
8,38,3242,G,Loop
8,39,3243,A,Loop
8,40,3244,G,Loop
8,41,3245,C,Tetrad
8,42,3246,C,Tetrad
8,43,3247,C,Tetrad
9,0,3484,C,Tetrad
9,1,3485,C,Tetrad
9,2,3486,C,Tetrad
9,3,3487,C,Tetrad
9,4,3488,T,Loop
9,5,3489,A,Loop
9,6,3490,A,Loop
9,7,3491,A,Loop
9,8,3492,A,Loop
9,9,3493,C,Loop
9,10,3494,C,Loop
9,11,3495,C,Loop
9,12,3496,G,Loop
9,13,3497,C,Tetrad
9,14,3498,C,Tetrad
9,15,3499,A,Bulges
9,16,3500,C,Bulges
9,17,3501,A,Bulges
9,18,3502,T,Bulges
9,19,3503,C,Bulges
9,20,3504,T,Bulges
9,21,3505,A,Bulges
9,22,3506,C,Tetrad
9,23,3507,C,Tetrad
9,24,3508,A,Loop
9,25,3509,T,Loop
9,26,3510,C,Loop
9,27,3511,A,Loop
9,28,3512,C,Tetrad
9,29,3513,C,Tetrad
9,30,3514,C,Tetrad
9,31,3515,T,Bulges
9,32,3516,C,Bulges
9,33,3517,T,Bulges
9,34,3518,A,Bulges
9,35,3519,C,Bulges
9,36,3520,A,Bulges
9,37,3521,T,Bulges
9,38,3522,C,Tetrad
9,39,3523,A,Loop
9,40,3524,C,Loop
9,41,3525,C,Loop
9,42,3526,G,Loop
9,43,3527,C,Tetrad
9,44,3528,C,Tetrad
9,45,3529,C,Tetrad
9,46,3530,C,Tetrad
10,0,3568,C,Tetrad
10,1,3569,C,Tetrad
10,2,3570,C,Tetrad
10,3,3571,C,Tetrad
10,4,3572,T,Loop
10,5,3573,C,Tetrad
10,6,3574,C,Tetrad
10,7,3575,C,Tetrad
10,8,3576,C,Tetrad
10,9,3577,A,Loop
10,10,3578,T,Loop
10,11,3579,A,Loop
10,12,3580,C,Tetrad
10,13,3581,C,Tetrad
10,14,3582,C,Tetrad
10,15,3583,A,Bulges
10,16,3584,A,Bulges
10,17,3585,C,Tetrad
10,18,3586,C,Tetrad
10,19,3587,C,Tetrad
10,20,3588,C,Tetrad
10,21,3589,C,Tetrad
11,0,3869,C,Tetrad
11,1,3870,C,Tetrad
11,2,3871,A,Mismatch
11,3,3872,C,Tetrad
11,4,3873,A,Loop
11,5,3874,C,Loop
11,6,3875,T,Loop
11,7,3876,A,Loop
11,8,3877,G,Loop
11,9,3878,C,Loop
11,10,3879,A,Loop
11,11,3880,G,Loop
11,12,3881,A,Loop
11,13,3882,G,Loop
11,14,3883,A,Loop
11,15,3884,C,Tetrad
11,16,3885,C,Tetrad
11,17,3886,A,Bulges
11,18,3887,A,Bulges
11,19,3888,C,Tetrad
11,20,3889,C,Tetrad
11,21,3890,G,Loop
11,22,3891,A,Loop
11,23,3892,A,Loop
11,24,3893,C,Loop
11,25,3894,C,Tetrad
11,26,3895,C,Tetrad
11,27,3896,C,Tetrad
11,28,3897,C,Tetrad
11,29,3898,T,Loop
11,30,3899,T,Loop
11,31,3900,C,Loop
11,32,3901,G,Loop
11,33,3902,A,Loop
11,34,3903,C,Tetrad
11,35,3904,C,Tetrad
11,36,3905,T,Bulges
11,37,3906,T,Bulges
11,38,3907,G,Bulges
11,39,3908,C,Tetrad
11,40,3909,C,Tetrad
12,0,3953,C,Tetrad
12,1,3954,C,Tetrad
12,2,3955,G,Bulges
12,3,3956,C,Bulges
12,4,3957,A,Bulges
12,5,3958,G,Bulges
12,6,3959,G,Bulges
12,7,3960,C,Tetrad
12,8,3961,C,Tetrad
12,9,3962,C,Tetrad
12,10,3963,C,Tetrad
12,11,3964,T,Loop
12,12,3965,T,Loop
12,13,3966,C,Loop
12,14,3967,G,Loop
12,15,3968,C,Tetrad
12,16,3969,C,Tetrad
12,17,3970,C,Tetrad
12,18,3971,T,Loop
12,19,3972,A,Loop
12,20,3973,T,Loop
12,21,3974,T,Loop
12,22,3975,C,Tetrad
12,23,3976,T,Bulges
12,24,3977,T,Bulges
12,25,3978,C,Bulges
12,26,3979,A,Bulges
12,27,3980,T,Bulges
12,28,3981,A,Bulges
12,29,3982,G,Bulges
12,30,3983,C,Tetrad
12,31,3984,C,Tetrad
13,0,4086,C,Tetrad
13,1,4087,A,Bulges
13,2,4088,C,Tetrad
13,3,4089,C,Tetrad
13,4,4090,A,Loop
13,5,4091,A,Loop
13,6,4092,G,Loop
13,7,4093,A,Loop
13,8,4094,C,Tetrad
13,9,4095,C,Tetrad
13,10,4096,C,Tetrad
13,11,4097,T,Loop
13,12,4098,A,Loop
13,13,4099,C,Tetrad
13,14,4100,T,Bulges
13,15,4101,T,Bulges
13,16,4102,C,Bulges
13,17,4103,T,Bulges
13,18,4104,A,Bulges
13,19,4105,A,Bulges
13,20,4106,C,Tetrad
13,21,4107,C,Tetrad
13,22,4108,T,Loop
13,23,4109,C,Tetrad
13,24,4110,C,Tetrad
13,25,4111,C,Tetrad
14,0,4228,C,Tetrad
14,1,4229,C,Tetrad
14,2,4230,C,Tetrad
14,3,4231,A,Loop
14,4,4232,T,Loop
14,5,4233,T,Loop
14,6,4234,A,Loop
14,7,4235,C,Tetrad
14,8,4236,A,Bulges
14,9,4237,A,Bulges
14,10,4238,T,Bulges
14,11,4239,C,Bulges
14,12,4240,T,Bulges
14,13,4241,C,Tetrad
14,14,4242,C,Tetrad
14,15,4243,A,Loop
14,16,4244,G,Loop
14,17,4245,C,Tetrad
14,18,4246,A,Bulges
14,19,4247,T,Bulges
14,20,4248,T,Bulges
14,21,4249,C,Tetrad
14,22,4250,C,Tetrad
14,23,4251,C,Tetrad
14,24,4252,C,Tetrad
14,25,4253,C,Tetrad
15,0,4349,C,Tetrad
15,1,4350,C,Tetrad
15,2,4351,C,Tetrad
15,3,4352,A,Bulges
15,4,4353,T,Bulges
15,5,4354,C,Tetrad
15,6,4355,C,Tetrad
15,7,4356,C,Tetrad
15,8,4357,T,Bulges
15,9,4358,G,Bulges
15,10,4359,A,Bulges
15,11,4360,G,Bulges
15,12,4361,A,Bulges
15,13,4362,A,Bulges
15,14,4363,T,Bulges
15,15,4364,C,Tetrad
15,16,4365,C,Tetrad
15,17,4366,A,Loop
15,18,4367,A,Loop
15,19,4368,A,Loop
15,20,4369,A,Loop
15,21,4370,T,Loop
15,22,4371,T,Loop
15,23,4372,C,Loop
15,24,4373,T,Loop
15,25,4374,C,Tetrad
15,26,4375,C,Tetrad
15,27,4376,G,Bulges
15,28,4377,T,Bulges
15,29,4378,G,Bulges
15,30,4379,C,Bulges
15,31,4380,C,Bulges
15,32,4381,A,Bulges
15,33,4382,C,Tetrad
15,34,4383,C,Tetrad
15,35,4384,T,Loop
15,36,4385,A,Loop
15,37,4386,T,Loop
15,38,4387,C,Loop
15,39,4388,A,Loop
15,40,4389,C,Loop
15,41,4390,A,Loop
15,42,4391,C,Tetrad
15,43,4392,C,Tetrad
15,44,4393,C,Tetrad
15,45,4394,C,Tetrad
16,0,4461,C,Tetrad
16,1,4462,C,Tetrad
16,2,4463,C,Tetrad
16,3,4464,G,Loop
16,4,4465,T,Loop
16,5,4466,A,Loop
16,6,4467,C,Loop
16,7,4468,T,Loop
16,8,4469,A,Loop
16,9,4470,A,Loop
16,10,4471,T,Loop
16,11,4472,T,Loop
16,12,4473,A,Loop
16,13,4474,A,Loop
16,14,4475,T,Loop
16,15,4476,C,Loop
16,16,4477,C,Tetrad
16,17,4478,C,Tetrad
16,18,4479,C,Tetrad
16,19,4480,T,Loop
16,20,4481,G,Loop
16,21,4482,G,Loop
16,22,4483,C,Tetrad
16,23,4484,C,Tetrad
16,24,4485,C,Tetrad
16,25,4486,A,Loop
16,26,4487,A,Loop
16,27,4488,C,Tetrad
16,28,4489,C,Tetrad
16,29,4490,C,Tetrad
17,0,4879,C,Tetrad
17,1,4880,C,Tetrad
17,2,4881,C,Tetrad
17,3,4882,C,Tetrad
17,4,4883,C,Tetrad
17,5,4884,A,Bulges
17,6,4885,T,Bulges
17,7,4886,C,Bulges
17,8,4887,T,Bulges
17,9,4888,C,Bulges
17,10,4889,A,Bulges
17,11,4890,A,Bulges
17,12,4891,T,Bulges
17,13,4892,C,Tetrad
17,14,4893,A,Loop
17,15,4894,T,Loop
17,16,4895,A,Loop
17,17,4896,T,Loop
17,18,4897,A,Loop
17,19,4898,C,Tetrad
17,20,4899,C,Tetrad
17,21,4900,A,Bulges
17,22,4901,A,Bulges
17,23,4902,A,Bulges
17,24,4903,T,Bulges
17,25,4904,C,Bulges
17,26,4905,T,Bulges
17,27,4906,C,Tetrad
17,28,4907,T,Loop
17,29,4908,C,Tetrad
17,30,4909,C,Tetrad
17,31,4910,C,Tetrad
18,0,5193,C,Tetrad
18,1,5194,C,Tetrad
18,2,5195,C,Tetrad
18,3,5196,T,Bulges
18,4,5197,T,Bulges
18,5,5198,A,Bulges
18,6,5199,A,Bulges
18,7,5200,T,Bulges
18,8,5201,T,Bulges
18,9,5202,C,Tetrad
18,10,5203,C,Tetrad
18,11,5204,A,Loop
18,12,5205,T,Loop
18,13,5206,C,Tetrad
18,14,5207,C,Tetrad
18,15,5208,A,Bulges
18,16,5209,C,Tetrad
18,17,5210,C,Tetrad
18,18,5211,C,Tetrad
18,19,5212,T,Loop
18,20,5213,C,Tetrad
18,21,5214,C,Tetrad
18,22,5215,T,Bulges
18,23,5216,C,Bulges
18,24,5217,T,Bulges
18,25,5218,C,Tetrad
18,26,5219,C,Tetrad
18,27,5220,C,Tetrad
18,28,5221,T,Loop
18,29,5222,A,Loop
18,30,5223,G,Loop
18,31,5224,G,Loop
18,32,5225,A,Loop
18,33,5226,G,Loop
18,34,5227,G,Loop
18,35,5228,C,Loop
18,36,5229,C,Loop
18,37,5230,T,Loop
18,38,5231,G,Loop
18,39,5232,C,Tetrad
18,40,5233,C,Tetrad
18,41,5234,C,Tetrad
18,42,5235,C,Tetrad
18,43,5236,C,Tetrad
19,0,5303,C,Tetrad
19,1,5304,C,Tetrad
19,2,5305,C,Tetrad
19,3,5306,C,Tetrad
19,4,5307,A,Loop
19,5,5308,C,Tetrad
19,6,5309,C,Tetrad
19,7,5310,A,Bulges
19,8,5311,T,Bulges
19,9,5312,C,Bulges
19,10,5313,A,Bulges
19,11,5314,T,Bulges
19,12,5315,A,Bulges
19,13,5316,G,Bulges
19,14,5317,C,Tetrad
19,15,5318,C,Tetrad
19,16,5319,A,Loop
19,17,5320,C,Tetrad
19,18,5321,C,Tetrad
19,19,5322,A,Bulges
19,20,5323,T,Bulges
19,21,5324,C,Bulges
19,22,5325,A,Bulges
19,23,5326,C,Bulges
19,24,5327,C,Tetrad
19,25,5328,C,Tetrad
19,26,5329,T,Loop
19,27,5330,C,Tetrad
19,28,5331,C,Tetrad
19,29,5332,T,Bulges
19,30,5333,T,Bulges
19,31,5334,A,Bulges
19,32,5335,A,Bulges
19,33,5336,C,Tetrad
19,34,5337,C,Tetrad
20,0,5428,C,Tetrad
20,1,5429,A,Bulges
20,2,5430,A,Bulges
20,3,5431,A,Bulges
20,4,5432,A,Bulges
20,5,5433,C,Tetrad
20,6,5434,C,Tetrad
20,7,5435,C,Tetrad
20,8,5436,A,Loop
20,9,5437,C,Tetrad
20,10,5438,C,Tetrad
20,11,5439,C,Tetrad
20,12,5440,C,Tetrad
20,13,5441,A,Loop
20,14,5442,T,Loop
20,15,5443,T,Loop
20,16,5444,C,Loop
20,17,5445,C,Loop
20,18,5446,T,Loop
20,19,5447,C,Tetrad
20,20,5448,C,Tetrad
20,21,5449,C,Tetrad
20,22,5450,C,Tetrad
20,23,5451,A,Loop
20,24,5452,C,Loop
20,25,5453,A,Loop
20,26,5454,C,Tetrad
20,27,5455,T,Bulges
20,28,5456,C,Bulges
20,29,5457,A,Bulges
20,30,5458,T,Bulges
20,31,5459,C,Bulges
20,32,5460,G,Bulges
20,33,5461,C,Tetrad
20,34,5462,C,Tetrad
20,35,5463,C,Tetrad
21,0,6421,C,Tetrad
21,1,6422,C,Tetrad
21,2,6423,C,Tetrad
21,3,6424,C,Tetrad
21,4,6425,T,Loop
21,5,6426,G,Loop
21,6,6427,C,Loop
21,7,6428,C,Loop
21,8,6429,A,Loop
21,9,6430,T,Loop
21,10,6431,A,Loop
21,11,6432,A,Loop
21,12,6433,C,Tetrad
21,13,6434,C,Tetrad
21,14,6435,C,Tetrad
21,15,6436,A,Bulges
21,16,6437,A,Bulges
21,17,6438,T,Bulges
21,18,6439,A,Bulges
21,19,6440,C,Bulges
21,20,6441,C,Tetrad
21,21,6442,A,Loop
21,22,6443,A,Loop
21,23,6444,A,Loop
21,24,6445,C,Loop
21,25,6446,G,Loop
21,26,6447,C,Tetrad
21,27,6448,C,Tetrad
21,28,6449,C,Tetrad
21,29,6450,C,Tetrad
21,30,6451,T,Loop
21,31,6452,C,Loop
21,32,6453,T,Loop
21,33,6454,T,Loop
21,34,6455,C,Loop
21,35,6456,G,Loop
21,36,6457,T,Loop
21,37,6458,C,Loop
21,38,6459,T,Loop
21,39,6460,G,Loop
21,40,6461,A,Loop
21,41,6462,T,Loop
21,42,6463,C,Tetrad
21,43,6464,C,Tetrad
21,44,6465,G,Bulges
21,45,6466,T,Bulges
21,46,6467,C,Tetrad
21,47,6468,C,Tetrad
22,0,6539,C,Tetrad
22,1,6540,C,Tetrad
22,2,6541,G,Bulges
22,3,6542,C,Bulges
22,4,6543,A,Bulges
22,5,6544,A,Bulges
22,6,6545,C,Tetrad
22,7,6546,C,Tetrad
22,8,6547,T,Loop
22,9,6548,C,Loop
22,10,6549,A,Loop
22,11,6550,A,Loop
22,12,6551,C,Loop
22,13,6552,A,Loop
22,14,6553,C,Tetrad
22,15,6554,C,Tetrad
22,16,6555,A,Bulges
22,17,6556,C,Tetrad
22,18,6557,C,Tetrad
22,19,6558,T,Loop
22,20,6559,T,Loop
22,21,6560,C,Loop
22,22,6561,T,Loop
22,23,6562,T,Loop
22,24,6563,C,Loop
22,25,6564,G,Loop
22,26,6565,A,Loop
22,27,6566,C,Tetrad
22,28,6567,C,Tetrad
22,29,6568,C,Tetrad
22,30,6569,C,Tetrad
22,31,6570,G,Loop
22,32,6571,C,Loop
22,33,6572,C,Loop
22,34,6573,G,Loop
22,35,6574,G,Loop
22,36,6575,A,Loop
22,37,6576,G,Loop
22,38,6577,G,Loop
22,39,6578,A,Loop
22,40,6579,G,Loop
22,41,6580,G,Loop
22,42,6581,A,Loop
22,43,6582,G,Loop
22,44,6583,A,Loop
22,45,6584,C,Tetrad
22,46,6585,C,Tetrad
22,47,6586,C,Tetrad
22,48,6587,C,Tetrad
23,0,7397,C,Tetrad
23,1,7398,C,Tetrad
23,2,7399,C,Tetrad
23,3,7400,C,Tetrad
23,4,7401,C,Tetrad
23,5,7402,C,Tetrad
23,6,7403,A,Loop
23,7,7404,C,Tetrad
23,8,7405,C,Tetrad
23,9,7406,C,Tetrad
23,10,7407,T,Loop
23,11,7408,A,Loop
23,12,7409,C,Tetrad
23,13,7410,C,Tetrad
23,14,7411,A,Bulges
23,15,7412,C,Tetrad
24,0,7807,C,Tetrad
24,1,7808,C,Tetrad
24,2,7809,T,Bulges
24,3,7810,C,Bulges
24,4,7811,A,Bulges
24,5,7812,T,Bulges
24,6,7813,C,Tetrad
24,7,7814,G,Loop
24,8,7815,C,Tetrad
24,9,7816,C,Tetrad
24,10,7817,C,Tetrad
24,11,7818,T,Loop
24,12,7819,C,Tetrad
24,13,7820,C,Tetrad
24,14,7821,C,Tetrad
24,15,7822,A,Loop
24,16,7823,T,Loop
24,17,7824,C,Tetrad
24,18,7825,C,Tetrad
24,19,7826,C,Tetrad
25,0,7942,C,Tetrad
25,1,7943,T,Mismatch
25,2,7944,C,Tetrad
25,3,7945,C,Tetrad
25,4,7946,T,Loop
25,5,7947,A,Loop
25,6,7948,C,Loop
25,7,7949,A,Loop
25,8,7950,T,Loop
25,9,7951,A,Loop
25,10,7952,C,Loop
25,11,7953,T,Loop
25,12,7954,T,Loop
25,13,7955,C,Loop
25,14,7956,C,Tetrad
25,15,7957,C,Tetrad
25,16,7958,C,Tetrad
25,17,7959,C,Tetrad
25,18,7960,A,Loop
25,19,7961,T,Loop
25,20,7962,T,Loop
25,21,7963,A,Loop
25,22,7964,T,Loop
25,23,7965,T,Loop
25,24,7966,C,Tetrad
25,25,7967,C,Tetrad
25,26,7968,T,Bulges
25,27,7969,A,Bulges
25,28,7970,G,Bulges
25,29,7971,A,Bulges
25,30,7972,A,Bulges
25,31,7973,C,Tetrad
25,32,7974,C,Tetrad
25,33,7975,A,Loop
25,34,7976,G,Loop
25,35,7977,G,Loop
25,36,7978,C,Loop
25,37,7979,G,Loop
25,38,7980,A,Loop
25,39,7981,C,Tetrad
25,40,7982,C,Tetrad
25,41,7983,T,Bulges
25,42,7984,G,Bulges
25,43,7985,C,Bulges
25,44,7986,G,Bulges
25,45,7987,A,Bulges
25,46,7988,C,Bulges
25,47,7989,T,Bulges
25,48,7990,C,Tetrad
25,49,7991,C,Tetrad
26,0,8262,C,Tetrad
26,1,8263,C,Tetrad
26,2,8264,C,Tetrad
26,3,8265,T,Bulges
26,4,8266,A,Bulges
26,5,8267,T,Bulges
26,6,8268,A,Bulges
26,7,8269,G,Bulges
26,8,8270,C,Tetrad
26,9,8271,A,Loop
26,10,8272,C,Loop
26,11,8273,C,Tetrad
26,12,8274,C,Tetrad
26,13,8275,C,Tetrad
26,14,8276,C,Tetrad
26,15,8277,T,Loop
26,16,8278,C,Loop
26,17,8279,T,Loop
26,18,8280,A,Loop
26,19,8281,C,Tetrad
26,20,8282,C,Tetrad
26,21,8283,C,Tetrad
26,22,8284,C,Tetrad
26,23,8285,C,Tetrad
26,24,8286,T,Bulges
26,25,8287,C,Bulges
26,26,8288,T,Bulges
26,27,8289,A,Bulges
26,28,8290,G,Bulges
26,29,8291,A,Bulges
26,30,8292,G,Bulges
26,31,8293,C,Tetrad
26,32,8294,C,Tetrad
26,33,8295,C,Tetrad
27,0,8468,C,Tetrad
27,1,8469,T,Bulges
27,2,8470,A,Bulges
27,3,8471,C,Tetrad
27,4,8472,C,Tetrad
27,5,8473,T,Loop
27,6,8474,C,Tetrad
27,7,8475,C,Tetrad
27,8,8476,C,Tetrad
27,9,8477,T,Loop
27,10,8478,C,Tetrad
27,11,8479,A,Bulges
27,12,8480,C,Tetrad
27,13,8481,C,Tetrad
27,14,8482,A,Loop
27,15,8483,A,Loop
27,16,8484,A,Loop
27,17,8485,G,Loop
27,18,8486,C,Tetrad
27,19,8487,C,Tetrad
27,20,8488,C,Tetrad
28,0,8559,C,Tetrad
28,1,8560,C,Tetrad
28,2,8561,C,Tetrad
28,3,8562,C,Tetrad
28,4,8563,A,Loop
28,5,8564,C,Loop
28,6,8565,A,Loop
28,7,8566,A,Loop
28,8,8567,T,Loop
28,9,8568,C,Tetrad
28,10,8569,C,Tetrad
28,11,8570,T,Bulges
28,12,8571,A,Bulges
28,13,8572,G,Bulges
28,14,8573,G,Bulges
28,15,8574,C,Tetrad
28,16,8575,C,Tetrad
28,17,8576,T,Loop
28,18,8577,A,Loop
28,19,8578,C,Tetrad
28,20,8579,C,Tetrad
28,21,8580,C,Tetrad
28,22,8581,G,Bulges
28,23,8582,C,Bulges
28,24,8583,C,Bulges
28,25,8584,G,Bulges
28,26,8585,C,Tetrad
28,27,8586,A,Loop
28,28,8587,G,Loop
28,29,8588,T,Loop
28,30,8589,A,Loop
28,31,8590,C,Loop
28,32,8591,T,Loop
28,33,8592,G,Loop
28,34,8593,A,Loop
28,35,8594,T,Loop
28,36,8595,C,Loop
28,37,8596,A,Loop
28,38,8597,T,Loop
28,39,8598,T,Loop
28,40,8599,C,Loop
28,41,8600,T,Loop
28,42,8601,A,Loop
28,43,8602,T,Loop
28,44,8603,T,Loop
28,45,8604,T,Loop
28,46,8605,C,Tetrad
28,47,8606,C,Tetrad
28,48,8607,C,Tetrad
28,49,8608,C,Tetrad
29,0,8806,C,Tetrad
29,1,8807,C,Tetrad
29,2,8808,A,Bulges
29,3,8809,A,Bulges
29,4,8810,C,Tetrad
29,5,8811,C,Tetrad
29,6,8812,A,Loop
29,7,8813,C,Tetrad
29,8,8814,C,Tetrad
29,9,8815,C,Tetrad
29,10,8816,A,Bulges
29,11,8817,A,Bulges
29,12,8818,C,Bulges
29,13,8819,T,Bulges
29,14,8820,A,Bulges
29,15,8821,T,Bulges
29,16,8822,C,Tetrad
29,17,8823,T,Loop
29,18,8824,A,Loop
29,19,8825,T,Loop
29,20,8826,A,Loop
29,21,8827,A,Loop
29,22,8828,A,Loop
29,23,8829,C,Loop
29,24,8830,C,Loop
29,25,8831,T,Loop
29,26,8832,A,Loop
29,27,8833,G,Loop
29,28,8834,C,Tetrad
29,29,8835,C,Tetrad
29,30,8836,A,Bulges
29,31,8837,T,Bulges
29,32,8838,G,Bulges
29,33,8839,G,Bulges
29,34,8840,C,Tetrad
29,35,8841,C,Tetrad
29,36,8842,A,Loop
29,37,8843,T,Loop
29,38,8844,C,Tetrad
29,39,8845,C,Tetrad
29,40,8846,C,Tetrad
29,41,8847,C,Tetrad
30,0,8914,C,Tetrad
30,1,8915,C,Tetrad
30,2,8916,A,Mismatch
30,3,8917,C,Tetrad
30,4,8918,A,Loop
30,5,8919,A,Loop
30,6,8920,G,Loop
30,7,8921,G,Loop
30,8,8922,C,Loop
30,9,8923,A,Loop
30,10,8924,C,Tetrad
30,11,8925,A,Mismatch
30,12,8926,C,Tetrad
30,13,8927,C,Tetrad
30,14,8928,T,Loop
30,15,8929,A,Loop
30,16,8930,C,Loop
30,17,8931,A,Loop
30,18,8932,C,Tetrad
30,19,8933,C,Tetrad
30,20,8934,C,Tetrad
30,21,8935,C,Tetrad
30,22,8936,T,Loop
30,23,8937,T,Loop
30,24,8938,A,Loop
30,25,8939,T,Loop
30,26,8940,C,Tetrad
30,27,8941,C,Tetrad
30,28,8942,C,Tetrad
30,29,8943,C,Tetrad
31,0,9243,C,Tetrad
31,1,9244,C,Tetrad
31,2,9245,C,Tetrad
31,3,9246,A,Loop
31,4,9247,G,Loop
31,5,9248,C,Tetrad
31,6,9249,C,Tetrad
31,7,9250,C,Tetrad
31,8,9251,A,Loop
31,9,9252,T,Loop
31,10,9253,G,Loop
31,11,9254,A,Loop
31,12,9255,C,Loop
31,13,9256,C,Tetrad
31,14,9257,C,Tetrad
31,15,9258,C,Tetrad
31,16,9259,T,Loop
31,17,9260,A,Loop
31,18,9261,A,Loop
31,19,9262,C,Loop
31,20,9263,A,Loop
31,21,9264,G,Loop
31,22,9265,G,Loop
31,23,9266,G,Loop
31,24,9267,G,Loop
31,25,9268,C,Tetrad
31,26,9269,C,Tetrad
31,27,9270,C,Tetrad
32,0,9526,C,Tetrad
32,1,9527,C,Tetrad
32,2,9528,C,Tetrad
32,3,9529,C,Tetrad
32,4,9530,T,Bulges
32,5,9531,A,Bulges
32,6,9532,C,Tetrad
32,7,9533,C,Tetrad
32,8,9534,C,Tetrad
32,9,9535,C,Tetrad
32,10,9536,C,Tetrad
32,11,9537,C,Tetrad
32,12,9538,A,Loop
32,13,9539,A,Loop
32,14,9540,T,Loop
32,15,9541,T,Loop
32,16,9542,A,Loop
32,17,9543,G,Loop
32,18,9544,G,Loop
32,19,9545,A,Loop
32,20,9546,G,Loop
32,21,9547,G,Loop
32,22,9548,G,Loop
32,23,9549,C,Loop
32,24,9550,A,Loop
32,25,9551,C,Loop
32,26,9552,T,Loop
32,27,9553,G,Loop
32,28,9554,G,Loop
32,29,9555,C,Tetrad
32,30,9556,C,Tetrad
32,31,9557,C,Tetrad
32,32,9558,C,Tetrad
32,33,9559,C,Tetrad
32,34,9560,A,Loop
32,35,9561,A,Loop
32,36,9562,C,Loop
32,37,9563,A,Loop
32,38,9564,G,Loop
32,39,9565,G,Loop
32,40,9566,C,Tetrad
32,41,9567,A,Bulges
32,42,9568,T,Bulges
32,43,9569,C,Bulges
32,44,9570,A,Bulges
32,45,9571,C,Tetrad
32,46,9572,C,Tetrad
32,47,9573,C,Tetrad
32,48,9574,C,Tetrad
33,0,9583,C,Tetrad
33,1,9584,C,Tetrad
33,2,9585,C,Tetrad
33,3,9586,T,Loop
33,4,9587,A,Loop
33,5,9588,G,Loop
33,6,9589,A,Loop
33,7,9590,A,Loop
33,8,9591,G,Loop
33,9,9592,T,Loop
33,10,9593,C,Tetrad
33,11,9594,C,Tetrad
33,12,9595,C,Tetrad
33,13,9596,A,Loop
33,14,9597,C,Loop
33,15,9598,T,Loop
33,16,9599,C,Tetrad
33,17,9600,C,Tetrad
33,18,9601,T,Bulges
33,19,9602,A,Bulges
33,20,9603,A,Bulges
33,21,9604,A,Bulges
33,22,9605,C,Tetrad
33,23,9606,A,Loop
33,24,9607,C,Tetrad
33,25,9608,A,Bulges
33,26,9609,T,Bulges
33,27,9610,C,Tetrad
33,28,9611,C,Tetrad
34,0,10184,C,Tetrad
34,1,10185,C,Tetrad
34,2,10186,C,Tetrad
34,3,10187,T,Loop
34,4,10188,A,Loop
34,5,10189,T,Loop
34,6,10190,A,Loop
34,7,10191,T,Loop
34,8,10192,C,Loop
34,9,10193,C,Loop
34,10,10194,C,Tetrad
34,11,10195,C,Tetrad
34,12,10196,C,Tetrad
34,13,10197,G,Loop
34,14,10198,C,Tetrad
34,15,10199,C,Tetrad
34,16,10200,C,Tetrad
34,17,10201,G,Loop
34,18,10202,C,Loop
34,19,10203,G,Loop
34,20,10204,T,Loop
34,21,10205,C,Tetrad
34,22,10206,C,Tetrad
34,23,10207,C,Tetrad
35,0,10267,C,Tetrad
35,1,10268,C,Tetrad
35,2,10269,C,Tetrad
35,3,10270,T,Loop
35,4,10271,C,Tetrad
35,5,10272,C,Tetrad
35,6,10273,T,Bulges
35,7,10274,T,Bulges
35,8,10275,T,Bulges
35,9,10276,T,Bulges
35,10,10277,A,Bulges
35,11,10278,C,Tetrad
35,12,10279,C,Tetrad
35,13,10280,C,Tetrad
35,14,10281,C,Tetrad
35,15,10282,T,Loop
35,16,10283,A,Loop
35,17,10284,C,Loop
35,18,10285,C,Loop
35,19,10286,A,Loop
35,20,10287,T,Loop
35,21,10288,G,Loop
35,22,10289,A,Loop
35,23,10290,G,Loop
35,24,10291,C,Tetrad
35,25,10292,C,Tetrad
35,26,10293,C,Tetrad
36,0,10612,C,Tetrad
36,1,10613,C,Tetrad
36,2,10614,C,Tetrad
36,3,10615,T,Loop
36,4,10616,C,Loop
36,5,10617,A,Loop
36,6,10618,A,Loop
36,7,10619,C,Loop
36,8,10620,A,Loop
36,9,10621,C,Tetrad
36,10,10622,C,Tetrad
36,11,10623,C,Tetrad
36,12,10624,A,Loop
36,13,10625,C,Loop
36,14,10626,T,Loop
36,15,10627,C,Tetrad
36,16,10628,C,Tetrad
36,17,10629,C,Tetrad
36,18,10630,T,Loop
36,19,10631,C,Tetrad
36,20,10632,T,Bulges
36,21,10633,T,Bulges
36,22,10634,A,Bulges
36,23,10635,G,Bulges
36,24,10636,C,Tetrad
36,25,10637,C,Tetrad
37,0,10918,C,Tetrad
37,1,10919,C,Tetrad
37,2,10920,C,Tetrad
37,3,10921,A,Bulges
37,4,10922,A,Bulges
37,5,10923,C,Tetrad
37,6,10924,C,Tetrad
37,7,10925,T,Loop
37,8,10926,T,Loop
37,9,10927,T,Loop
37,10,10928,T,Loop
37,11,10929,C,Tetrad
37,12,10930,C,Tetrad
37,13,10931,T,Mismatch
37,14,10932,C,Tetrad
37,15,10933,C,Tetrad
37,16,10934,G,Loop
37,17,10935,A,Loop
37,18,10936,C,Tetrad
37,19,10937,C,Tetrad
37,20,10938,C,Tetrad
37,21,10939,C,Tetrad
37,22,10940,C,Tetrad
37,23,10941,T,Loop
37,24,10942,A,Loop
37,25,10943,A,Loop
37,26,10944,C,Loop
37,27,10945,A,Loop
37,28,10946,A,Loop
37,29,10947,C,Tetrad
37,30,10948,C,Tetrad
37,31,10949,C,Tetrad
37,32,10950,C,Tetrad
37,33,10951,C,Tetrad
38,0,10973,C,Tetrad
38,1,10974,T,Mismatch
38,2,10975,C,Tetrad
38,3,10976,C,Tetrad
38,4,10977,T,Loop
38,5,10978,A,Loop
38,6,10979,C,Tetrad
38,7,10980,C,Tetrad
38,8,10981,C,Tetrad
38,9,10982,C,Tetrad
38,10,10983,T,Loop
38,11,10984,C,Loop
38,12,10985,A,Loop
38,13,10986,C,Loop
38,14,10987,A,Loop
38,15,10988,A,Loop
38,16,10989,T,Loop
38,17,10990,C,Loop
38,18,10991,A,Loop
38,19,10992,T,Loop
38,20,10993,G,Loop
38,21,10994,G,Loop
38,22,10995,C,Loop
38,23,10996,A,Loop
38,24,10997,A,Loop
38,25,10998,G,Loop
38,26,10999,C,Tetrad
38,27,11000,C,Tetrad
38,28,11001,A,Bulges
38,29,11002,A,Bulges
38,30,11003,C,Bulges
38,31,11004,G,Bulges
38,32,11005,C,Tetrad
38,33,11006,C,Tetrad
38,34,11007,A,Loop
38,35,11008,C,Loop
38,36,11009,T,Loop
38,37,11010,T,Loop
38,38,11011,A,Loop
38,39,11012,T,Loop
38,40,11013,C,Tetrad
38,41,11014,C,Tetrad
38,42,11015,A,Bulges
38,43,11016,G,Bulges
38,44,11017,T,Bulges
38,45,11018,G,Bulges
38,46,11019,A,Bulges
38,47,11020,A,Bulges
38,48,11021,C,Tetrad
38,49,11022,C,Tetrad
39,0,11130,C,Tetrad
39,1,11131,C,Tetrad
39,2,11132,A,Bulges
39,3,11133,C,Bulges
39,4,11134,A,Bulges
39,5,11135,C,Bulges
39,6,11136,T,Bulges
39,7,11137,T,Bulges
39,8,11138,A,Bulges
39,9,11139,T,Bulges
39,10,11140,C,Tetrad
39,11,11141,C,Tetrad
39,12,11142,C,Tetrad
39,13,11143,C,Tetrad
39,14,11144,A,Loop
39,15,11145,C,Tetrad
39,16,11146,C,Tetrad
39,17,11147,T,Bulges
39,18,11148,T,Bulges
39,19,11149,G,Bulges
39,20,11150,G,Bulges
39,21,11151,C,Bulges
39,22,11152,T,Bulges
39,23,11153,A,Bulges
39,24,11154,T,Bulges
39,25,11155,C,Tetrad
39,26,11156,A,Loop
39,27,11157,T,Loop
39,28,11158,C,Loop
39,29,11159,A,Loop
39,30,11160,C,Tetrad
39,31,11161,C,Tetrad
39,32,11162,C,Tetrad
40,0,11206,C,Tetrad
40,1,11207,C,Tetrad
40,2,11208,T,Bulges
40,3,11209,A,Bulges
40,4,11210,T,Bulges
40,5,11211,T,Bulges
40,6,11212,C,Bulges
40,7,11213,T,Bulges
40,8,11214,A,Bulges
40,9,11215,C,Tetrad
40,10,11216,A,Loop
40,11,11217,C,Tetrad
40,12,11218,C,Tetrad
40,13,11219,C,Tetrad
40,14,11220,T,Loop
40,15,11221,A,Loop
40,16,11222,G,Loop
40,17,11223,T,Loop
40,18,11224,A,Loop
40,19,11225,G,Loop
40,20,11226,G,Loop
40,21,11227,C,Loop
40,22,11228,T,Loop
40,23,11229,C,Tetrad
40,24,11230,C,Tetrad
40,25,11231,C,Tetrad
40,26,11232,T,Loop
40,27,11233,T,Loop
40,28,11234,C,Tetrad
40,29,11235,C,Tetrad
40,30,11236,C,Tetrad
41,0,11512,C,Tetrad
41,1,11513,C,Tetrad
41,2,11514,C,Tetrad
41,3,11515,C,Tetrad
41,4,11516,C,Tetrad
41,5,11517,T,Bulges
41,6,11518,G,Bulges
41,7,11519,A,Bulges
41,8,11520,C,Bulges
41,9,11521,A,Bulges
41,10,11522,A,Bulges
41,11,11523,A,Bulges
41,12,11524,A,Bulges
41,13,11525,C,Tetrad
41,14,11526,A,Loop
41,15,11527,C,Tetrad
41,16,11528,A,Bulges
41,17,11529,T,Bulges
41,18,11530,A,Bulges
41,19,11531,G,Bulges
41,20,11532,C,Tetrad
41,21,11533,C,Tetrad
41,22,11534,T,Loop
41,23,11535,A,Loop
41,24,11536,C,Tetrad
41,25,11537,C,Tetrad
41,26,11538,C,Tetrad
42,0,11643,C,Tetrad
42,1,11644,C,Tetrad
42,2,11645,C,Tetrad
42,3,11646,T,Loop
42,4,11647,C,Loop
42,5,11648,G,Loop
42,6,11649,T,Loop
42,7,11650,A,Loop
42,8,11651,G,Loop
42,9,11652,T,Loop
42,10,11653,A,Loop
42,11,11654,A,Loop
42,12,11655,C,Loop
42,13,11656,A,Loop
42,14,11657,G,Loop
42,15,11658,C,Tetrad
42,16,11659,C,Tetrad
42,17,11660,A,Bulges
42,18,11661,T,Bulges
42,19,11662,T,Bulges
42,20,11663,C,Tetrad
42,21,11664,T,Loop
42,22,11665,C,Tetrad
42,23,11666,A,Bulges
42,24,11667,T,Bulges
42,25,11668,C,Bulges
42,26,11669,C,Bulges
42,27,11670,A,Bulges
42,28,11671,A,Bulges
42,29,11672,A,Bulges
42,30,11673,C,Tetrad
42,31,11674,C,Tetrad
42,32,11675,C,Tetrad
42,33,11676,C,Tetrad
42,34,11677,C,Tetrad
43,0,12018,C,Tetrad
43,1,12019,C,Tetrad
43,2,12020,C,Tetrad
43,3,12021,A,Loop
43,4,12022,C,Tetrad
43,5,12023,C,Tetrad
43,6,12024,A,Bulges
43,7,12025,C,Bulges
43,8,12026,A,Bulges
43,9,12027,T,Bulges
43,10,12028,T,Bulges
43,11,12029,A,Bulges
43,12,12030,A,Bulges
43,13,12031,C,Tetrad
43,14,12032,A,Loop
43,15,12033,A,Loop
43,16,12034,C,Loop
43,17,12035,A,Loop
43,18,12036,T,Loop
43,19,12037,A,Loop
43,20,12038,A,Loop
43,21,12039,A,Loop
43,22,12040,A,Loop
43,23,12041,C,Tetrad
43,24,12042,C,Tetrad
43,25,12043,C,Tetrad
43,26,12044,T,Loop
43,27,12045,C,Loop
43,28,12046,A,Loop
43,29,12047,T,Loop
43,30,12048,T,Loop
43,31,12049,C,Loop
43,32,12050,A,Loop
43,33,12051,C,Loop
43,34,12052,A,Loop
43,35,12053,C,Loop
43,36,12054,G,Loop
43,37,12055,A,Loop
43,38,12056,G,Loop
43,39,12057,A,Loop
43,40,12058,A,Loop
43,41,12059,A,Loop
43,42,12060,A,Loop
43,43,12061,C,Loop
43,44,12062,A,Loop
43,45,12063,C,Tetrad
43,46,12064,C,Tetrad
43,47,12065,C,Tetrad
44,0,12084,C,Tetrad
44,1,12085,C,Tetrad
44,2,12086,C,Tetrad
44,3,12087,C,Tetrad
44,4,12088,C,Tetrad
44,5,12089,A,Loop
44,6,12090,T,Loop
44,7,12091,T,Loop
44,8,12092,C,Loop
44,9,12093,T,Loop
44,10,12094,C,Tetrad
44,11,12095,C,Tetrad
44,12,12096,T,Mismatch
44,13,12097,C,Tetrad
44,14,12098,C,Tetrad
44,15,12099,T,Loop
44,16,12100,A,Loop
44,17,12101,T,Loop
44,18,12102,C,Tetrad
44,19,12103,C,Tetrad
44,20,12104,C,Tetrad
44,21,12105,T,Mismatch
44,22,12106,C,Tetrad
44,23,12107,A,Loop
44,24,12108,A,Loop
44,25,12109,C,Tetrad
44,26,12110,C,Tetrad
44,27,12111,C,Tetrad
44,28,12112,C,Tetrad
44,29,12113,G,Bulges
44,30,12114,A,Bulges
44,31,12115,C,Tetrad
45,0,12359,C,Tetrad
45,1,12360,C,Tetrad
45,2,12361,A,Bulges
45,3,12362,C,Tetrad
45,4,12363,C,Tetrad
45,5,12364,C,Tetrad
45,6,12365,T,Loop
45,7,12366,A,Loop
45,8,12367,A,Loop
45,9,12368,C,Loop
45,10,12369,C,Tetrad
45,11,12370,C,Tetrad
45,12,12371,T,Bulges
45,13,12372,G,Bulges
45,14,12373,A,Bulges
45,15,12374,C,Bulges
45,16,12375,T,Bulges
45,17,12376,T,Bulges
45,18,12377,C,Tetrad
45,19,12378,C,Tetrad
45,20,12379,C,Tetrad
45,21,12380,T,Loop
45,22,12381,A,Loop
45,23,12382,A,Loop
45,24,12383,T,Loop
45,25,12384,T,Loop
45,26,12385,C,Loop
45,27,12386,C,Tetrad
45,28,12387,C,Tetrad
45,29,12388,C,Tetrad
45,30,12389,C,Tetrad
45,31,12390,C,Tetrad
45,32,12391,A,Loop
45,33,12392,T,Loop
45,34,12393,C,Tetrad
45,35,12394,C,Tetrad
45,36,12395,T,Bulges
45,37,12396,T,Bulges
45,38,12397,A,Bulges
45,39,12398,C,Bulges
45,40,12399,C,Bulges
45,41,12400,A,Bulges
45,42,12401,C,Tetrad
45,43,12402,C,Tetrad
45,44,12403,C,Tetrad
46,0,12542,C,Tetrad
46,1,12543,C,Tetrad
46,2,12544,A,Bulges
46,3,12545,C,Tetrad
46,4,12546,A,Loop
46,5,12547,A,Loop
46,6,12548,C,Tetrad
46,7,12549,C,Tetrad
46,8,12550,C,Tetrad
46,9,12551,A,Loop
46,10,12552,A,Loop
46,11,12553,A,Loop
46,12,12554,C,Loop
46,13,12555,A,Loop
46,14,12556,A,Loop
46,15,12557,C,Tetrad
46,16,12558,C,Tetrad
46,17,12559,C,Tetrad
46,18,12560,A,Loop
46,19,12561,G,Loop
46,20,12562,C,Loop
46,21,12563,T,Loop
46,22,12564,C,Loop
46,23,12565,T,Loop
46,24,12566,C,Tetrad
46,25,12567,C,Tetrad
46,26,12568,C,Tetrad
47,0,12927,C,Tetrad
47,1,12928,C,Tetrad
47,2,12929,C,Tetrad
47,3,12930,A,Bulges
47,4,12931,C,Bulges
47,5,12932,A,Bulges
47,6,12933,A,Bulges
47,7,12934,C,Tetrad
47,8,12935,A,Loop
47,9,12936,A,Loop
47,10,12937,A,Loop
47,11,12938,T,Loop
47,12,12939,A,Loop
47,13,12940,G,Loop
47,14,12941,C,Tetrad
47,15,12942,C,Tetrad
47,16,12943,C,Tetrad
47,17,12944,T,Bulges
47,18,12945,T,Bulges
47,19,12946,C,Bulges
47,20,12947,T,Bulges
47,21,12948,A,Bulges
47,22,12949,A,Bulges
47,23,12950,A,Bulges
47,24,12951,C,Tetrad
47,25,12952,G,Loop
47,26,12953,C,Loop
47,27,12954,T,Loop
47,28,12955,A,Loop
47,29,12956,A,Loop
47,30,12957,T,Loop
47,31,12958,C,Tetrad
47,32,12959,C,Tetrad
47,33,12960,A,Bulges
47,34,12961,A,Bulges
47,35,12962,G,Bulges
47,36,12963,C,Tetrad
47,37,12964,C,Tetrad
47,38,12965,T,Loop
47,39,12966,C,Loop
47,40,12967,A,Loop
47,41,12968,C,Tetrad
47,42,12969,C,Tetrad
47,43,12970,C,Tetrad
47,44,12971,C,Tetrad
48,0,13026,C,Tetrad
48,1,13027,C,Tetrad
48,2,13028,C,Tetrad
48,3,13029,C,Tetrad
48,4,13030,T,Loop
48,5,13031,G,Loop
48,6,13032,A,Loop
48,7,13033,C,Loop
48,8,13034,T,Loop
48,9,13035,C,Tetrad
48,10,13036,C,Tetrad
48,11,13037,C,Tetrad
48,12,13038,C,Tetrad
48,13,13039,T,Loop
48,14,13040,C,Loop
48,15,13041,A,Loop
48,16,13042,G,Loop
48,17,13043,C,Loop
48,18,13044,C,Loop
48,19,13045,A,Loop
48,20,13046,T,Loop
48,21,13047,A,Loop
48,22,13048,G,Loop
48,23,13049,A,Loop
48,24,13050,A,Loop
48,25,13051,G,Loop
48,26,13052,G,Loop
48,27,13053,C,Tetrad
48,28,13054,C,Tetrad
48,29,13055,C,Tetrad
48,30,13056,C,Tetrad
48,31,13057,A,Loop
48,32,13058,C,Tetrad
48,33,13059,C,Tetrad
48,34,13060,C,Tetrad
48,35,13061,C,Tetrad
49,0,13122,C,Tetrad
49,1,13123,T,Bulges
49,2,13124,T,Bulges
49,3,13125,C,Tetrad
49,4,13126,C,Tetrad
49,5,13127,A,Loop
49,6,13128,C,Tetrad
49,7,13129,C,Tetrad
49,8,13130,C,Tetrad
49,9,13131,C,Tetrad
49,10,13132,C,Tetrad
49,11,13133,T,Bulges
49,12,13134,A,Bulges
49,13,13135,G,Bulges
49,14,13136,C,Tetrad
49,15,13137,A,Loop
49,16,13138,G,Loop
49,17,13139,A,Loop
49,18,13140,A,Loop
49,19,13141,A,Loop
49,20,13142,A,Loop
49,21,13143,T,Loop
49,22,13144,A,Loop
49,23,13145,G,Loop
49,24,13146,C,Tetrad
49,25,13147,C,Tetrad
49,26,13148,C,Tetrad
50,0,13647,C,Tetrad
50,1,13648,C,Tetrad
50,2,13649,C,Tetrad
50,3,13650,C,Tetrad
50,4,13651,A,Loop
50,5,13652,C,Tetrad
50,6,13653,C,Tetrad
50,7,13654,C,Tetrad
50,8,13655,T,Bulges
50,9,13656,T,Bulges
50,10,13657,A,Bulges
50,11,13658,C,Bulges
50,12,13659,T,Bulges
50,13,13660,A,Bulges
50,14,13661,A,Bulges
50,15,13662,C,Tetrad
50,16,13663,A,Loop
50,17,13664,T,Loop
50,18,13665,T,Loop
50,19,13666,A,Loop
50,20,13667,A,Loop
50,21,13668,C,Loop
50,22,13669,G,Loop
50,23,13670,A,Loop
50,24,13671,A,Loop
50,25,13672,A,Loop
50,26,13673,A,Loop
50,27,13674,T,Loop
50,28,13675,A,Loop
50,29,13676,A,Loop
50,30,13677,C,Tetrad
50,31,13678,C,Tetrad
50,32,13679,C,Tetrad
50,33,13680,C,Tetrad
50,34,13681,A,Loop
50,35,13682,C,Loop
50,36,13683,C,Loop
50,37,13684,C,Loop
50,38,13685,T,Loop
50,39,13686,A,Loop
50,40,13687,C,Loop
50,41,13688,T,Loop
50,42,13689,A,Loop
50,43,13690,A,Loop
50,44,13691,A,Loop
50,45,13692,C,Tetrad
50,46,13693,C,Tetrad
50,47,13694,C,Tetrad
50,48,13695,C,Tetrad
51,0,13755,C,Tetrad
51,1,13756,C,Tetrad
51,2,13757,C,Tetrad
51,3,13758,C,Tetrad
51,4,13759,G,Loop
51,5,13760,C,Tetrad
51,6,13761,A,Bulges
51,7,13762,T,Bulges
51,8,13763,C,Tetrad
51,9,13764,C,Tetrad
51,10,13765,C,Tetrad
51,11,13766,C,Tetrad
51,12,13767,C,Tetrad
51,13,13768,T,Bulges
51,14,13769,T,Bulges
51,15,13770,C,Tetrad
51,16,13771,C,Tetrad
51,17,13772,A,Loop
51,18,13773,A,Loop
51,19,13774,A,Loop
51,20,13775,C,Loop
51,21,13776,A,Loop
51,22,13777,A,Loop
51,23,13778,C,Loop
51,24,13779,A,Loop
51,25,13780,A,Loop
51,26,13781,T,Loop
51,27,13782,C,Tetrad
51,28,13783,C,Tetrad
51,29,13784,C,Tetrad
51,30,13785,C,Tetrad
52,0,13947,C,Tetrad
52,1,13948,C,Tetrad
52,2,13949,C,Tetrad
52,3,13950,C,Tetrad
52,4,13951,T,Loop
52,5,13952,A,Loop
52,6,13953,T,Loop
52,7,13954,C,Loop
52,8,13955,T,Loop
52,9,13956,A,Loop
52,10,13957,G,Loop
52,11,13958,G,Loop
52,12,13959,C,Loop
52,13,13960,C,Loop
52,14,13961,T,Loop
52,15,13962,T,Loop
52,16,13963,C,Loop
52,17,13964,T,Loop
52,18,13965,T,Loop
52,19,13966,A,Loop
52,20,13967,C,Loop
52,21,13968,G,Loop
52,22,13969,A,Loop
52,23,13970,G,Loop
52,24,13971,C,Tetrad
52,25,13972,C,Tetrad
52,26,13973,A,Bulges
52,27,13974,A,Bulges
52,28,13975,A,Bulges
52,29,13976,A,Bulges
52,30,13977,C,Tetrad
52,31,13978,C,Tetrad
52,32,13979,T,Loop
52,33,13980,G,Loop
52,34,13981,C,Tetrad
52,35,13982,C,Tetrad
52,36,13983,C,Tetrad
52,37,13984,C,Tetrad
52,38,13985,T,Loop
52,39,13986,A,Loop
52,40,13987,C,Loop
52,41,13988,T,Loop
52,42,13989,C,Tetrad
52,43,13990,C,Tetrad
52,44,13991,T,Bulges
52,45,13992,C,Tetrad
52,46,13993,C,Tetrad
53,0,14115,C,Tetrad
53,1,14116,C,Tetrad
53,2,14117,C,Tetrad
53,3,14118,A,Loop
53,4,14119,C,Tetrad
53,5,14120,T,Bulges
53,6,14121,C,Bulges
53,7,14122,A,Bulges
53,8,14123,T,Bulges
53,9,14124,C,Tetrad
53,10,14125,C,Tetrad
53,11,14126,T,Loop
53,12,14127,A,Loop
53,13,14128,A,Loop
53,14,14129,C,Tetrad
53,15,14130,C,Tetrad
53,16,14131,C,Tetrad
53,17,14132,T,Loop
53,18,14133,A,Loop
53,19,14134,C,Tetrad
53,20,14135,T,Bulges
53,21,14136,C,Tetrad
53,22,14137,C,Tetrad
54,0,14245,C,Tetrad
54,1,14246,C,Tetrad
54,2,14247,C,Tetrad
54,3,14248,C,Tetrad
54,4,14249,G,Loop
54,5,14250,C,Loop
54,6,14251,A,Loop
54,7,14252,C,Loop
54,8,14253,C,Loop
54,9,14254,A,Loop
54,10,14255,A,Loop
54,11,14256,T,Loop
54,12,14257,A,Loop
54,13,14258,G,Loop
54,14,14259,G,Loop
54,15,14260,A,Loop
54,16,14261,T,Loop
54,17,14262,C,Tetrad
54,18,14263,C,Tetrad
54,19,14264,T,Bulges
54,20,14265,C,Tetrad
54,21,14266,C,Tetrad
54,22,14267,C,Tetrad
54,23,14268,G,Bulges
54,24,14269,A,Bulges
54,25,14270,A,Bulges
54,26,14271,T,Bulges
54,27,14272,C,Bulges
54,28,14273,A,Bulges
54,29,14274,A,Bulges
54,30,14275,C,Tetrad
54,31,14276,C,Tetrad
54,32,14277,C,Tetrad
54,33,14278,T,Loop
54,34,14279,G,Loop
54,35,14280,A,Loop
54,36,14281,C,Tetrad
54,37,14282,C,Tetrad
54,38,14283,C,Tetrad
54,39,14284,C,Tetrad
55,0,14334,C,Tetrad
55,1,14335,C,Tetrad
55,2,14336,A,Bulges
55,3,14337,C,Tetrad
55,4,14338,C,Tetrad
55,5,14339,A,Loop
55,6,14340,C,Tetrad
55,7,14341,C,Tetrad
55,8,14342,C,Tetrad
55,9,14343,C,Tetrad
55,10,14344,A,Loop
55,11,14345,T,Loop
55,12,14346,C,Loop
55,13,14347,A,Loop
55,14,14348,T,Loop
55,15,14349,A,Loop
55,16,14350,C,Tetrad
55,17,14351,T,Bulges
55,18,14352,C,Bulges
55,19,14353,T,Bulges
55,20,14354,T,Bulges
55,21,14355,T,Bulges
55,22,14356,C,Bulges
55,23,14357,A,Bulges
55,24,14358,C,Tetrad
55,25,14359,C,Tetrad
55,26,14360,C,Tetrad
55,27,14361,A,Loop
55,28,14362,C,Loop
55,29,14363,A,Loop
55,30,14364,G,Loop
55,31,14365,C,Loop
55,32,14366,A,Loop
55,33,14367,C,Tetrad
55,34,14368,C,Tetrad
55,35,14369,A,Bulges
55,36,14370,A,Bulges
55,37,14371,T,Bulges
55,38,14372,C,Tetrad
55,39,14373,C,Tetrad
56,0,14389,C,Tetrad
56,1,14390,C,Tetrad
56,2,14391,C,Tetrad
56,3,14392,C,Tetrad
56,4,14393,A,Loop
56,5,14394,C,Loop
56,6,14395,T,Loop
56,7,14396,A,Loop
56,8,14397,A,Loop
56,9,14398,A,Loop
56,10,14399,A,Loop
56,11,14400,C,Loop
56,12,14401,A,Loop
56,13,14402,C,Loop
56,14,14403,T,Loop
56,15,14404,C,Loop
56,16,14405,A,Loop
56,17,14406,C,Tetrad
56,18,14407,C,Tetrad
56,19,14408,A,Bulges
56,20,14409,A,Bulges
56,21,14410,G,Bulges
56,22,14411,A,Bulges
56,23,14412,C,Tetrad
56,24,14413,C,Tetrad
56,25,14414,T,Loop
56,26,14415,C,Loop
56,27,14416,A,Loop
56,28,14417,A,Loop
56,29,14418,C,Tetrad
56,30,14419,C,Tetrad
56,31,14420,C,Tetrad
56,32,14421,C,Tetrad
56,33,14422,T,Loop
56,34,14423,G,Loop
56,35,14424,A,Loop
56,36,14425,C,Tetrad
56,37,14426,C,Tetrad
56,38,14427,C,Tetrad
56,39,14428,C,Tetrad
57,0,14490,C,Tetrad
57,1,14491,C,Tetrad
57,2,14492,C,Tetrad
57,3,14493,C,Tetrad
57,4,14494,T,Loop
57,5,14495,A,Loop
57,6,14496,A,Loop
57,7,14497,A,Loop
57,8,14498,T,Loop
57,9,14499,A,Loop
57,10,14500,A,Loop
57,11,14501,A,Loop
57,12,14502,T,Loop
57,13,14503,T,Loop
57,14,14504,A,Loop
57,15,14505,A,Loop
57,16,14506,A,Loop
57,17,14507,A,Loop
57,18,14508,A,Loop
57,19,14509,A,Loop
57,20,14510,A,Loop
57,21,14511,C,Tetrad
57,22,14512,T,Bulges
57,23,14513,A,Bulges
57,24,14514,T,Bulges
57,25,14515,T,Bulges
57,26,14516,A,Bulges
57,27,14517,A,Bulges
57,28,14518,A,Bulges
57,29,14519,C,Tetrad
57,30,14520,C,Tetrad
57,31,14521,C,Tetrad
57,32,14522,A,Loop
57,33,14523,T,Loop
57,34,14524,A,Loop
57,35,14525,T,Loop
57,36,14526,A,Loop
57,37,14527,A,Loop
57,38,14528,C,Tetrad
57,39,14529,C,Tetrad
57,40,14530,T,Mismatch
57,41,14531,C,Tetrad
57,42,14532,C,Tetrad
57,43,14533,C,Tetrad
57,44,14534,C,Tetrad
57,45,14535,C,Tetrad
58,0,14557,C,Tetrad
58,1,14558,C,Tetrad
58,2,14559,C,Tetrad
58,3,14560,G,Loop
58,4,14561,A,Loop
58,5,14562,C,Tetrad
58,6,14563,C,Tetrad
58,7,14564,A,Bulges
58,8,14565,C,Bulges
58,9,14566,A,Bulges
58,10,14567,C,Bulges
58,11,14568,C,Bulges
58,12,14569,G,Bulges
58,13,14570,C,Tetrad
58,14,14571,T,Loop
58,15,14572,A,Loop
58,16,14573,A,Loop
58,17,14574,C,Loop
58,18,14575,A,Loop
58,19,14576,A,Loop
58,20,14577,T,Loop
58,21,14578,C,Loop
58,22,14579,A,Loop
58,23,14580,A,Loop
58,24,14581,T,Loop
58,25,14582,A,Loop
58,26,14583,C,Tetrad
58,27,14584,T,Bulges
58,28,14585,A,Bulges
58,29,14586,A,Bulges
58,30,14587,A,Bulges
58,31,14588,C,Tetrad
58,32,14589,C,Tetrad
58,33,14590,C,Tetrad
58,34,14591,C,Tetrad
58,35,14592,C,Tetrad
59,0,14620,C,Tetrad
59,1,14621,C,Tetrad
59,2,14622,C,Tetrad
59,3,14623,C,Tetrad
59,4,14624,A,Mismatch
59,5,14625,C,Tetrad
59,6,14626,A,Loop
59,7,14627,A,Loop
59,8,14628,A,Loop
59,9,14629,C,Loop
59,10,14630,C,Tetrad
59,11,14631,C,Tetrad
59,12,14632,C,Tetrad
59,13,14633,A,Loop
59,14,14634,T,Loop
59,15,14635,T,Loop
59,16,14636,A,Loop
59,17,14637,C,Loop
59,18,14638,T,Loop
59,19,14639,A,Loop
59,20,14640,A,Loop
59,21,14641,A,Loop
59,22,14642,C,Tetrad
59,23,14643,C,Tetrad
59,24,14644,C,Tetrad
60,0,14771,C,Tetrad
60,1,14772,C,Tetrad
60,2,14773,C,Tetrad
60,3,14774,C,Tetrad
60,4,14775,T,Loop
60,5,14776,A,Loop
60,6,14777,A,Loop
60,7,14778,T,Loop
60,8,14779,A,Loop
60,9,14780,A,Loop
60,10,14781,A,Loop
60,11,14782,A,Loop
60,12,14783,T,Loop
60,13,14784,T,Loop
60,14,14785,A,Loop
60,15,14786,A,Loop
60,16,14787,T,Loop
60,17,14788,T,Loop
60,18,14789,A,Loop
60,19,14790,A,Loop
60,20,14791,C,Tetrad
60,21,14792,C,Tetrad
60,22,14793,A,Mismatch
60,23,14794,C,Tetrad
60,24,14795,T,Loop
60,25,14796,C,Loop
60,26,14797,A,Loop
60,27,14798,T,Loop
60,28,14799,T,Loop
60,29,14800,C,Loop
60,30,14801,A,Loop
60,31,14802,T,Loop
60,32,14803,C,Loop
60,33,14804,G,Loop
60,34,14805,A,Loop
60,35,14806,C,Loop
60,36,14807,C,Loop
60,37,14808,T,Loop
60,38,14809,C,Tetrad
60,39,14810,C,Tetrad
60,40,14811,C,Tetrad
60,41,14812,C,Tetrad
60,42,14813,A,Loop
60,43,14814,C,Tetrad
60,44,14815,C,Tetrad
60,45,14816,C,Tetrad
60,46,14817,C,Tetrad
61,0,15368,C,Tetrad
61,1,15369,C,Tetrad
61,2,15370,C,Tetrad
61,3,15371,C,Tetrad
61,4,15372,T,Loop
61,5,15373,A,Loop
61,6,15374,G,Loop
61,7,15375,G,Loop
61,8,15376,A,Loop
61,9,15377,A,Loop
61,10,15378,T,Loop
61,11,15379,C,Loop
61,12,15380,A,Loop
61,13,15381,C,Tetrad
61,14,15382,C,Tetrad
61,15,15383,T,Bulges
61,16,15384,C,Bulges
61,17,15385,C,Bulges
61,18,15386,C,Bulges
61,19,15387,A,Bulges
61,20,15388,T,Bulges
61,21,15389,T,Bulges
61,22,15390,C,Tetrad
61,23,15391,C,Tetrad
61,24,15392,G,Loop
61,25,15393,A,Loop
61,26,15394,T,Loop
61,27,15395,A,Loop
61,28,15396,A,Loop
61,29,15397,A,Loop
61,30,15398,A,Loop
61,31,15399,T,Loop
61,32,15400,C,Loop
61,33,15401,A,Loop
61,34,15402,C,Tetrad
61,35,15403,C,Tetrad
61,36,15404,T,Bulges
61,37,15405,T,Bulges
61,38,15406,C,Tetrad
61,39,15407,C,Tetrad
61,40,15408,A,Loop
61,41,15409,C,Tetrad
61,42,15410,C,Tetrad
61,43,15411,C,Tetrad
61,44,15412,T,Bulges
61,45,15413,T,Bulges
61,46,15414,A,Bulges
61,47,15415,C,Tetrad
62,0,15486,C,Tetrad
62,1,15487,A,Bulges
62,2,15488,G,Bulges
62,3,15489,A,Bulges
62,4,15490,C,Tetrad
62,5,15491,C,Tetrad
62,6,15492,T,Loop
62,7,15493,C,Tetrad
62,8,15494,C,Tetrad
62,9,15495,T,Bulges
62,10,15496,A,Bulges
62,11,15497,G,Bulges
62,12,15498,G,Bulges
62,13,15499,C,Tetrad
62,14,15500,G,Loop
62,15,15501,A,Loop
62,16,15502,C,Tetrad
62,17,15503,C,Tetrad
62,18,15504,C,Tetrad
62,19,15505,A,Loop
62,20,15506,G,Loop
62,21,15507,A,Loop
62,22,15508,C,Loop
62,23,15509,A,Loop
62,24,15510,A,Loop
62,25,15511,T,Loop
62,26,15512,T,Loop
62,27,15513,A,Loop
62,28,15514,T,Loop
62,29,15515,A,Loop
62,30,15516,C,Tetrad
62,31,15517,C,Tetrad
62,32,15518,C,Tetrad
63,0,15526,C,Tetrad
63,1,15527,C,Tetrad
63,2,15528,C,Tetrad
63,3,15529,C,Tetrad
63,4,15530,T,Loop
63,5,15531,T,Loop
63,6,15532,A,Loop
63,7,15533,A,Loop
63,8,15534,A,Loop
63,9,15535,C,Loop
63,10,15536,A,Loop
63,11,15537,C,Tetrad
63,12,15538,C,Tetrad
63,13,15539,C,Tetrad
63,14,15540,C,Tetrad
63,15,15541,T,Loop
63,16,15542,C,Tetrad
63,17,15543,C,Tetrad
63,18,15544,C,Tetrad
63,19,15545,C,Tetrad
63,20,15546,A,Loop
63,21,15547,C,Tetrad
63,22,15548,A,Bulges
63,23,15549,T,Bulges
63,24,15550,C,Bulges
63,25,15551,A,Bulges
63,26,15552,A,Bulges
63,27,15553,G,Bulges
63,28,15554,C,Tetrad
63,29,15555,C,Tetrad
63,30,15556,C,Tetrad
64,0,15624,C,Tetrad
64,1,15625,C,Tetrad
64,2,15626,C,Tetrad
64,3,15627,T,Bulges
64,4,15628,A,Bulges
64,5,15629,T,Bulges
64,6,15630,T,Bulges
64,7,15631,A,Bulges
64,8,15632,C,Tetrad
64,9,15633,T,Loop
64,10,15634,A,Loop
64,11,15635,T,Loop
64,12,15636,C,Loop
64,13,15637,C,Loop
64,14,15638,A,Loop
64,15,15639,T,Loop
64,16,15640,C,Tetrad
64,17,15641,C,Tetrad
64,18,15642,T,Bulges
64,19,15643,C,Bulges
64,20,15644,A,Bulges
64,21,15645,T,Bulges
64,22,15646,C,Tetrad
64,23,15647,C,Tetrad
64,24,15648,T,Loop
64,25,15649,A,Loop
64,26,15650,G,Loop
64,27,15651,C,Loop
64,28,15652,A,Loop
64,29,15653,A,Loop
64,30,15654,T,Loop
64,31,15655,A,Loop
64,32,15656,A,Loop
64,33,15657,T,Loop
64,34,15658,C,Tetrad
64,35,15659,C,Tetrad
64,36,15660,C,Tetrad
64,37,15661,C,Tetrad
64,38,15662,A,Loop
64,39,15663,T,Loop
64,40,15664,C,Tetrad
64,41,15665,C,Tetrad
64,42,15666,T,Bulges
64,43,15667,C,Tetrad
64,44,15668,C,Tetrad
65,0,16159,C,Tetrad
65,1,16160,A,Bulges
65,2,16161,T,Bulges
65,3,16162,A,Bulges
65,4,16163,A,Bulges
65,5,16164,A,Bulges
65,6,16165,A,Bulges
65,7,16166,A,Bulges
65,8,16167,C,Tetrad
65,9,16168,C,Tetrad
65,10,16169,C,Tetrad
65,11,16170,A,Loop
65,12,16171,A,Loop
65,13,16172,T,Loop
65,14,16173,C,Tetrad
65,15,16174,C,Tetrad
65,16,16175,A,Mismatch
65,17,16176,C,Tetrad
65,18,16177,A,Loop
65,19,16178,T,Loop
65,20,16179,C,Loop
65,21,16180,A,Loop
65,22,16181,A,Loop
65,23,16182,A,Loop
65,24,16183,A,Loop
65,25,16184,C,Loop
65,26,16185,C,Tetrad
65,27,16186,C,Tetrad
65,28,16187,C,Tetrad
65,29,16188,C,Tetrad
65,30,16189,T,Loop
65,31,16190,C,Tetrad
65,32,16191,C,Tetrad
65,33,16192,C,Tetrad
65,34,16193,C,Tetrad
66,0,16260,C,Tetrad
66,1,16261,C,Tetrad
66,2,16262,C,Tetrad
66,3,16263,T,Loop
66,4,16264,C,Loop
66,5,16265,A,Loop
66,6,16266,C,Tetrad
66,7,16267,C,Tetrad
66,8,16268,C,Tetrad
66,9,16269,A,Loop
66,10,16270,C,Loop
66,11,16271,T,Loop
66,12,16272,A,Loop
66,13,16273,G,Loop
66,14,16274,G,Loop
66,15,16275,A,Loop
66,16,16276,T,Loop
66,17,16277,A,Loop
66,18,16278,C,Loop
66,19,16279,C,Loop
66,20,16280,A,Loop
66,21,16281,A,Loop
66,22,16282,C,Loop
66,23,16283,A,Loop
66,24,16284,A,Loop
66,25,16285,A,Loop
66,26,16286,C,Loop
66,27,16287,C,Loop
66,28,16288,T,Loop
66,29,16289,A,Loop
66,30,16290,C,Tetrad
66,31,16291,C,Tetrad
66,32,16292,C,Tetrad
66,33,16293,A,Loop
66,34,16294,C,Tetrad
66,35,16295,C,Tetrad
66,36,16296,C,Tetrad
67,0,16353,C,Tetrad
67,1,16354,C,Tetrad
67,2,16355,C,Tetrad
67,3,16356,T,Loop
67,4,16357,T,Loop
67,5,16358,C,Loop
67,6,16359,T,Loop
67,7,16360,C,Loop
67,8,16361,G,Loop
67,9,16362,T,Loop
67,10,16363,C,Loop
67,11,16364,C,Tetrad
67,12,16365,C,Tetrad
67,13,16366,C,Tetrad
67,14,16367,A,Loop
67,15,16368,T,Loop
67,16,16369,G,Loop
67,17,16370,G,Loop
67,18,16371,A,Loop
67,19,16372,T,Loop
67,20,16373,G,Loop
67,21,16374,A,Loop
67,22,16375,C,Tetrad
67,23,16376,C,Tetrad
67,24,16377,C,Tetrad
67,25,16378,C,Tetrad
67,26,16379,C,Tetrad
67,27,16380,C,Tetrad
