,seqnames,start,end,width,strand,score,max_score,threshold,window,sequence,confirmed,G4,note,start-100bp,end+100bp,start-50bp,end+50bp,bp_untill_next_G4,bp_untill_previous_G4,G4_id,up_win,down_win
1,"NC_012920.1 Homo sapiens mitochondrion, complete genome",285,332,48,-,-1.25,-2.24,1,25,CAAAAAATTTCCACCAAACCCCCCCTCCCCCGCTTCTGGCCACAGCAC,1,G4,more than africa,185,432,235,382,16,294,1,185,348
2,"NC_012920.1 Homo sapiens mitochondrion, complete genome",348,378,31,-,-1.1,-1.16,1,25,CCAAACCCCAAAAACAAAGAACCCTAACACC,1,UG4,less than africa,248,478,298,428,40,16,2,364,418
3,"NC_012920.1 Homo sapiens mitochondrion, complete genome",418,592,175,-,-1.15,-1.88,1,25,CACTTTTAACAGTCACCCCCCAACTAACACATTATTTTCCCCTCCCACTCCCATACTACTAATCTCATCAATACAACCCCCGCCCATCCTACCCAGCACACACACACCGCTGCTAACCCCATACCCCGAACCAACCAAACCCCAAAGACACCCCCCACAGTTTATGTAGCTTACC,1,G4,5 overlapping g4 in africa,318,692,368,642,193,40,3,458,692
5,"NC_012920.1 Homo sapiens mitochondrion, complete genome",785,808,24,-,-1.21,-1.16,1,25,CGCTTAGCCTAGCCACACCCCCAC,1,G4,,685,908,735,858,146,193,4,685,908
6,"NC_012920.1 Homo sapiens mitochondrion, complete genome",954,984,31,-,-1.39,-1.48,1,25,CACCCCCTCCCCAATAAAGCTAAAACTCACC,1,G4,,854,1084,904,1034,683,146,5,854,1084
11,"NC_012920.1 Homo sapiens mitochondrion, complete genome",1667,1707,41,-,-1.02,-1.48,1,25,CTGAGCTAAACCTAGCCCCAAACCCACTCCACCTTACTACC,1,G4,more than in africa,1567,1807,1617,1757,350,683,6,1567,1807
13,"NC_012920.1 Homo sapiens mitochondrion, complete genome",2057,2079,23,-,-1.52,-1.4,1,25,CCCACAGAACCCTCTAAATCCCC,1,G4,,1957,2179,2007,2129,133,350,7,1957,2179
14,"NC_012920.1 Homo sapiens mitochondrion, complete genome",2212,2236,25,-,-1.0,-1.0,1,25,CAACACCCACTACCTAAAAAATCCC,1,UG4,,2112,2336,2162,2286,912,133,8,2112,2336
15,"NC_012920.1 Homo sapiens mitochondrion, complete genome",3148,3172,25,-,-1.2,-1.2,1,25,CCTACTTCACAAAGCGCCTTCCCCC,1,UG4,,3048,3272,3098,3222,20,912,9,3048,3192
16,"NC_012920.1 Homo sapiens mitochondrion, complete genome",3192,3222,31,-,-0.903,-1.12,1,25,CTTAGTATTATACCCACACCCACCCAAGAAC,1,UG4,,3092,3322,3142,3272,249,20,10,3212,3322
17,"NC_012920.1 Homo sapiens mitochondrion, complete genome",3471,3604,134,-,-1.17,-2.76,1,25,CTTCACCAAAGAGCCCCTAAAACCCGCCACATCTACCATCACCCTCTACATCACCGCCCCGACCTTAGCTCTCACCATCGCTCTTCTACTATGAACCCCCCTCCCCATACCCAACCCCCTGGTCAACCTCAACC,1,G4,5 overlapping g4 in africa,3371,3704,3421,3654,270,249,11,3371,3704
18,"NC_012920.1 Homo sapiens mitochondrion, complete genome",3874,3909,36,-,-0.917,-1.28,1,25,CTAGCAGAGACCAACCGAACCCCCTTCGACCTTGCC,1,G4,,3774,4009,3824,3959,42,270,12,3774,3951
19,"NC_012920.1 Homo sapiens mitochondrion, complete genome",3951,3984,34,-,-0.882,-1.2,1,25,CGCCGCAGGCCCCTTCGCCCTATTCTTCATAGCC,1,G4,more than africa,3851,4084,3901,4034,102,42,13,3993,4084
20,"NC_012920.1 Homo sapiens mitochondrion, complete genome",4086,4111,26,-,-1.08,-1.08,1,25,CACCAAGACCCTACTTCTAACCTCCC,1,UG4,,3986,4211,4036,4161,19,102,14,3986,4130
21,"NC_012920.1 Homo sapiens mitochondrion, complete genome",4130,4161,32,-,-0.938,-1.16,1,25,CAGCATACCCCCGATTCCGCTACGACCAACTC,1,UG4,,4030,4261,4080,4211,67,19,15,4149,4228
22,"NC_012920.1 Homo sapiens mitochondrion, complete genome",4228,4260,33,-,-1.21,-1.28,1,25,CCCATTACAATCTCCAGCATTCCCCCTCAAACC,1,UG4,,4128,4360,4178,4310,112,67,16,4295,4360
23,"NC_012920.1 Homo sapiens mitochondrion, complete genome",4372,4398,27,-,-1.22,-1.28,1,25,CTCCGTGCCACCTATCACACCCCATCC,1,UG4,,4272,4498,4322,4448,58,112,17,4272,4456
24,"NC_012920.1 Homo sapiens mitochondrion, complete genome",4456,4505,50,-,-1.1,-1.36,1,25,CCCTTCCCGTACTAATTAATCCCCTGGCCCAACCCGTCATCTACTCTACC,1,UG4,3 overlapping g4 in africa,4356,4605,4406,4555,370,58,18,4514,4605
26,"NC_012920.1 Homo sapiens mitochondrion, complete genome",4875,4899,25,-,-1.08,-1.08,1,25,CTAGCCCCCATCTCAATCATATACC,1,UG4,,4775,4999,4825,4949,288,370,19,4775,4999
27,"NC_012920.1 Homo sapiens mitochondrion, complete genome",5187,5255,69,-,-0.957,-1.24,1,25,CTAACACCCTTAATTCCATCCACCCTCCTCTCCCTAGGAGGCCTGCCCCCGCTAACCGGCTTTTTGCCC,1,UG4,2 overlapping g4 in africa,5087,5355,5137,5305,33,288,20,5087,5288
28,"NC_012920.1 Homo sapiens mitochondrion, complete genome",5288,5342,55,-,-0.982,-1.4,1,25,CAATAGCCTCATCATCCCCACCATCATAGCCACCATCACCCTCCTTAACCTCTAC,1,UG4,,5188,5442,5238,5392,21,33,21,5321,5363
29,"NC_012920.1 Homo sapiens mitochondrion, complete genome",5363,5392,30,-,-1.03,-1.2,1,25,CTCCACCTCAATCACACTACTCCCCATATC,1,UG4,,5263,5492,5313,5442,32,21,22,5384,5424
30,"NC_012920.1 Homo sapiens mitochondrion, complete genome",5424,5499,76,-,-1.2,-1.92,1,25,CATACAAAACCCACCCCATTCCTCCCCACACTCATCGCCCTTACCACGCTACTCCTACCTATCTCCCCTTTTATAC,1,G4,2 g4 in africa,5324,5599,5374,5549,376,32,23,5456,5599
31,"NC_012920.1 Homo sapiens mitochondrion, complete genome",5875,5916,42,-,-0.881,-1.24,1,25,CACTCAGCCATTTTACCTCACCCCCACTGATGTTCGCCGACC,1,G4,more than africa,5775,6016,5825,5966,297,376,24,5775,6016
33,"NC_012920.1 Homo sapiens mitochondrion, complete genome",6213,6242,30,-,-0.9,-1.04,1,25,CTCTTACCTCCCTCTCTCCTACTCCTGCTC,1,UG4,2 overlapping g4 in africa,6113,6342,6163,6292,168,297,25,6113,6342
34,"NC_012920.1 Homo sapiens mitochondrion, complete genome",6410,6464,55,-,-1.05,-1.44,1,25,CAATATAAAACCCCCTGCCATAACCCAATACCAAACGCCCCTCTTCGTCTGATCC,1,G4,more than africa,6310,6564,6360,6514,81,168,26,6310,6545
35,"NC_012920.1 Homo sapiens mitochondrion, complete genome",6545,6572,28,-,-1.21,-1.24,1,25,CCTCAACACCACCTTCTTCGACCCCGCC,1,G4,less than africa,6445,6672,6495,6622,254,81,27,6626,6672
37,"NC_012920.1 Homo sapiens mitochondrion, complete genome",6826,6851,26,-,-1.04,-1.04,1,25,CTACCATAATCATCGCTATCCCCACC,1,UG4,,6726,6951,6776,6901,535,254,28,6726,6951
40,"NC_012920.1 Homo sapiens mitochondrion, complete genome",7386,7427,42,-,-1.02,-1.56,1,25,CTATATGGATGCCCCCCACCCTACCACACATTCGAAGAACCC,1,G4,more than africa,7286,7527,7336,7477,371,535,29,7286,7527
41,"NC_012920.1 Homo sapiens mitochondrion, complete genome",7798,7840,43,-,-0.977,-1.32,1,25,CATCCTAGTCCTCATCGCCCTCCCATCCCTACGCATCCTTTAC,1,G4,,7698,7940,7748,7890,96,371,30,7698,7936
42,"NC_012920.1 Homo sapiens mitochondrion, complete genome",7936,7974,39,-,-0.923,-1.2,1,25,CTTCAACTCCTACATACTTCCCCCATTATTCCTAGAACC,1,UG4,,7836,8074,7886,8024,278,96,31,8032,8074
45,"NC_012920.1 Homo sapiens mitochondrion, complete genome",8252,8305,54,-,-1.22,-2.0,1,25,CCCGTATTTACCCTATAGCACCCCCTCTACCCCCTCTAGAGCCCACTGTAAAGC,1,G4,more than africa,8152,8405,8202,8355,150,278,32,8152,8405
47,"NC_012920.1 Homo sapiens mitochondrion, complete genome",8455,8488,34,-,-1.09,-1.36,1,25,CACAAACTACCACCTACCTCCCTCACCAAAGCCC,1,G4,,8355,8588,8405,8538,56,150,33,8355,8544
48,"NC_012920.1 Homo sapiens mitochondrion, complete genome",8544,8585,42,-,-0.929,-1.4,1,25,CGCTTCATTCATTGCCCCCACAATCCTAGGCCTACCCGCCGC,1,UG4,more than africa,8444,8685,8494,8635,10,56,34,8600,8595
49,"NC_012920.1 Homo sapiens mitochondrion, complete genome",8595,8643,49,-,-1.02,-1.76,1,25,CATTCTATTTCCCCCTCTATTGATCCCCACCTCCAAATATCTCATCAAC,1,G4,more than africa,8495,8743,8545,8693,148,10,35,8605,8743
50,"NC_012920.1 Homo sapiens mitochondrion, complete genome",8791,8815,25,-,-1.0,-1.0,1,25,CCTCACTCATTTACACCAACCACCC,1,UG4,,8691,8915,8741,8865,102,148,36,8691,8915
51,"NC_012920.1 Homo sapiens mitochondrion, complete genome",8917,8958,42,-,-0.881,-1.56,1,25,CAAGGCACACCTACACCCCTTATCCCCATACTAGTTATTATC,1,UG4,more than africa,8817,9058,8867,9008,285,102,37,8817,9058
52,"NC_012920.1 Homo sapiens mitochondrion, complete genome",9243,9262,20,-,-1.65,-1.32,1,25,CCCAGCCCATGACCCCTAAC,1,UG4,less than africa,9143,9362,9193,9312,6,285,38,9143,9268
53,"NC_012920.1 Homo sapiens mitochondrion, complete genome",9268,9293,26,-,-1.15,-1.12,1,25,CCCTCTCAGCCCTCCTAATGACCTCC,1,UG4,,9168,9393,9218,9343,212,6,39,9274,9393
54,"NC_012920.1 Homo sapiens mitochondrion, complete genome",9505,9607,103,-,-1.02,-1.96,1,25,CCTTTTACCACTCCAGCCTAGCCCCTACCCCCCAATTAGGAGGGCACTGGCCCCCAACAGGCATCACCCCGCTAAATCCCCTAGAAGTCCCACTCCTAAACAC,1,G4,2 g4 in africa,9405,9707,9455,9657,568,212,40,9405,9707
55,"NC_012920.1 Homo sapiens mitochondrion, complete genome",10175,10214,40,-,-1.2,-1.8,1,25,CGGCTTCGACCCTATATCCCCCGCCCGCGTCCCTTTCTCC,1,G4,more than africa,10075,10314,10125,10264,43,568,41,10075,10257
56,"NC_012920.1 Homo sapiens mitochondrion, complete genome",10257,10303,47,-,-0.894,-1.36,1,25,CTAGAAATTGCCCTCCTTTTACCCCTACCATGAGCCCTACAAACAAC,1,G4,more than africa,10157,10403,10207,10353,300,43,42,10300,10403
57,"NC_012920.1 Homo sapiens mitochondrion, complete genome",10603,10637,35,-,-1.06,-1.28,1,25,CTCTCATAACCCTCAACACCCACTCCCTCTTAGCC,1,UG4,,10503,10737,10553,10687,275,300,43,10503,10737
58,"NC_012920.1 Homo sapiens mitochondrion, complete genome",10912,10990,79,-,-1.33,-2.08,1,25,CTGTTCCCCAACCTTTTCCTCCGACCCCCTAACAACCCCCCTCCTAATACTAACTACCTGACTCCTACCCCTCACAATC,1,G4,2 g4 in africa,10812,11090,10862,11040,132,275,44,10812,11090
59,"NC_012920.1 Homo sapiens mitochondrion, complete genome",11122,11162,41,-,-0.854,-1.12,1,25,CTTCGAAACCACACTTATCCCCACCTTGGCTATCATCACCC,1,UG4,more than africa,11022,11262,11072,11212,50,132,45,11022,11212
60,"NC_012920.1 Homo sapiens mitochondrion, complete genome",11212,11249,38,-,-0.947,-1.24,1,25,CTACACCCTAGTAGGCTCCCTTCCCCTACTCATCGCAC,1,G4,more than africa,11112,11349,11162,11299,243,50,46,11262,11349
62,"NC_012920.1 Homo sapiens mitochondrion, complete genome",11492,11555,64,-,-1.0,-1.32,1,25,CGCCTCACACTCATTCTCAACCCCCTGACAAAACACATAGCCTACCCCTTCCTTGTACTATCCC,1,UG4,4 overlapping g4 in africa,11392,11655,11442,11605,100,243,47,11392,11655
63,"NC_012920.1 Homo sapiens mitochondrion, complete genome",11655,11692,38,-,-0.816,-1.2,1,25,CAGCCATTCTCATCCAAACCCCCTGAAGCTTCACCGGC,1,UG4,more than africa,11555,11792,11605,11742,371,100,48,11755,11792
65,"NC_012920.1 Homo sapiens mitochondrion, complete genome",12063,12124,62,-,-1.21,-1.6,1,25,CCCTCATGTTCATACACCTATCCCCCATTCTCCTCCTATCCCTCAACCCCGACATCATTACC,1,G4,more than africa,11963,12224,12013,12174,222,371,49,11963,12224
66,"NC_012920.1 Homo sapiens mitochondrion, complete genome",12346,12450,105,-,-1.06,-1.76,1,25,CACACTACTATAACCACCCTAACCCTGACTTCCCTAATTCCCCCCATCCTTACCACCCTCGTTAACCCTAACAAAAAAAACTCATACCCCCATTATGTAAAATCC,1,G4,2 overlapping g4 in africa,12246,12550,12296,12500,92,222,50,12246,12542
67,"NC_012920.1 Homo sapiens mitochondrion, complete genome",12542,12573,32,-,-1.06,-1.2,1,25,CCACAACCCAAACAACCCAGCTCTCCCTAAGC,1,G4,more than africa,12442,12673,12492,12623,378,92,51,12634,12673
68,"NC_012920.1 Homo sapiens mitochondrion, complete genome",12951,12992,42,-,-0.833,-1.16,1,25,CGCTAATCCAAGCCTCACCCCACTACTAGGCCTCCTCCTAGC,1,G4,2 overlapping g4 in africa,12851,13092,12901,13042,15,378,52,12851,13007
69,"NC_012920.1 Homo sapiens mitochondrion, complete genome",13007,13082,76,-,-1.17,-1.76,1,25,CAGCCCAATTAGGTCTCCACCCCTGACTCCCCTCAGCCATAGAAGGCCCCACCCCAGTCTCAGCCCTACTCCACTC,1,G4,3 overlapping g4 in africa,12907,13182,12957,13132,25,15,53,13022,13107
70,"NC_012920.1 Homo sapiens mitochondrion, complete genome",13107,13150,44,-,-0.909,-1.24,1,25,CTTCTTACTCATCCGCTTCCACCCCCTAGCAGAAAATAGCCCAC,1,G4,2 overlapping g4 in africa,13007,13250,13057,13200,280,25,54,13132,13250
71,"NC_012920.1 Homo sapiens mitochondrion, complete genome",13430,13458,29,-,-1.03,-1.04,1,25,CCATACCTCTCACTTCAACCTCCCTCACC,1,G4,2 overlapping g4 in africa,13330,13558,13380,13508,167,280,55,13330,13558
72,"NC_012920.1 Homo sapiens mitochondrion, complete genome",13625,13705,81,-,-1.05,-1.68,1,25,CCCTAACAGGTCAACCTCGCTTCCCCACCCTTACTAACATTAACGAAAATAACCCCACCCTACTAAACCCCATTAAACGCC,1,G4,more than africa,13525,13805,13575,13755,30,167,56,13525,13735
73,"NC_012920.1 Homo sapiens mitochondrion, complete genome",13735,13809,75,-,-1.17,-1.84,1,25,CTCATTACTAACAACATTTCCCCCGCATCCCCCTTCCAAACAACAATCCCCCTCTACCTAAAACTCACAGCCCTC,1,G4,more than africa,13635,13909,13685,13859,150,30,57,13765,13909
75,"NC_012920.1 Homo sapiens mitochondrion, complete genome",13959,14004,46,-,-0.935,-1.28,1,25,CCTTCTTACGAGCCAAAACCTGCCCCTACTCCTCCTAGACCTAACC,1,G4,more than africa,13859,14104,13909,14054,45,150,58,13859,14049
76,"NC_012920.1 Homo sapiens mitochondrion, complete genome",14049,14074,26,-,-1.12,-1.12,1,25,CTCCACCTCCATCATCACCTCAACCC,1,G4,,13949,14174,13999,14124,35,45,59,14094,14109
77,"NC_012920.1 Homo sapiens mitochondrion, complete genome",14109,14169,61,-,-0.951,-1.2,1,25,CTTCTTCCCACTCATCCTAACCCTACTCCTAATCACATAACCTATTCCCCCGAGCAATCTC,1,G4,2 overlapping g4 in africa,14009,14269,14059,14219,56,35,60,14144,14225
78,"NC_012920.1 Homo sapiens mitochondrion, complete genome",14225,14292,68,-,-1.07,-1.52,1,25,CGCCCATAATCATACAAAGCCCCCGCACCAATAGGATCCTCCCGAATCAACCCTGACCCCTCTCCTTC,1,G4,3 overlapping g4 in africa,14125,14392,14175,14342,36,56,61,14281,14328
79,"NC_012920.1 Homo sapiens mitochondrion, complete genome",14328,14448,121,-,-1.07,-1.76,1,25,CCACAACCACCACCCCATCATACTCTTTCACCCACAGCACCAATCCTACCTCCATCGCTAACCCCACTAAAACACTCACCAAGACCTCAACCCCTGACCCCCATGCCTCAGGATACTCCTC,1,UG4,5 overlapping g4 in africa,14228,14548,14278,14498,23,36,62,14364,14471
80,"NC_012920.1 Homo sapiens mitochondrion, complete genome",14471,14493,23,-,-1.26,-1.16,1,25,CCAAAGACAACCATCATTCCCCC,1,UG4,,14371,14593,14421,14543,18,23,63,14494,14511
81,"NC_012920.1 Homo sapiens mitochondrion, complete genome",14511,14542,32,-,-1.09,-1.36,1,25,CTATTAAACCCATATAACCTCCCCCAAAATTC,1,G4,more than africa,14411,14642,14461,14592,25,18,64,14529,14567
82,"NC_012920.1 Homo sapiens mitochondrion, complete genome",14567,14592,26,-,-1.04,-1.0,1,25,CCGCTAACAATCAATACTAAACCCCC,1,UG4,,14467,14692,14517,14642,16,25,65,14592,14608
83,"NC_012920.1 Homo sapiens mitochondrion, complete genome",14608,14653,46,-,-1.0,-1.72,1,25,CTTAGAAGAAAACCCCACAAACCCCATTACTAAACCCACACTCAAC,1,G4,more than africa,14508,14753,14558,14703,98,16,66,14624,14751
84,"NC_012920.1 Homo sapiens mitochondrion, complete genome",14751,14832,82,-,-1.11,-1.84,1,25,CCCCAATACGCAAAACTAACCCCCTAATAAAATTAATTAACCACTCATTCATCGACCTCCCCACCCCATCCAACATCTCCGC,1,G4,3 overlapping g4 in afica,14651,14932,14701,14882,528,98,67,14849,14932
86,"NC_012920.1 Homo sapiens mitochondrion, complete genome",15360,15391,32,-,-1.12,-1.36,1,25,CAAACAACCCCCTAGGAATCACCTCCCATTCC,1,UG4,,15260,15491,15310,15441,111,528,68,15260,15491
87,"NC_012920.1 Homo sapiens mitochondrion, complete genome",15502,15556,55,-,-1.45,-2.12,1,25,CCCAGACAATTATACCCTAGCCAACCCCTTAAACACCCCTCCCCACATCAAGCCC,1,G4,,15402,15656,15452,15606,80,111,69,15402,15636
88,"NC_012920.1 Homo sapiens mitochondrion, complete genome",15636,15683,48,-,-0.896,-1.16,1,25,CCATCCTCATCCTAGCAATAATCCCCATCCTCCATATATCCAAACAAC,1,UG4,more than africa,15536,15783,15586,15733,484,80,70,15716,15783
90,"NC_012920.1 Homo sapiens mitochondrion, complete genome",16167,16211,45,-,-1.16,-1.8,1,25,CCCAATCCACATCAAAACCCCCTCCCCATGCTTACAAGCAAGTAC,1,G4,more than africa,16067,16311,16117,16261,28,484,71,16067,16239
91,"NC_012920.1 Homo sapiens mitochondrion, complete genome",16239,16301,63,-,-0.968,-1.4,1,25,CAACTGCAACTCCAAAGCCACCCCTCACCCACTAGGATACCAACAAACCTACCCACCCTTAAC,1,G4,more than africa,16139,16401,16189,16351,43,28,72,16267,16344
92,"NC_012920.1 Homo sapiens mitochondrion, complete genome",16344,16382,39,-,-1.21,-1.48,1,25,CAGTCAAATCCCTTCTCGTCCCCATGGATGACCCCCCTC,1,UG4,more than africa,16244,16482,16294,16432,145,43,73,16387,16482
93,"NC_012920.1 Homo sapiens mitochondrion, complete genome",16527,16560,34,-,-0.853,-1.16,1,25,CCTAAATAGCCCACACGTTCCCCTTAAATAAGAC,1,G4,more than africa,16427,91,16477,16610,294,145,74,16427,16660
