sequenceName,start,end,score,strand,pattern,nt,nb,nm,rl1,rl2,rl3,ll1,ll2,ll3
"NC_012920.1_Homo sapiens mitochondrion, complete genome",34,71,30,+,[GGG]AGCTCTCCATGCATTT[GG(TATTTTC)G]TCT[GGG][GGG],3,1,0,3,10,3,16,3,0
"NC_012920.1_Homo sapiens mitochondrion, complete genome",295,315,64,-,[CC(A)CC]AAA[CCCC]C[CCtC][CCCC],4,1,1,5,4,4,3,1,0
"NC_012920.1_Homo sapiens mitochondrion, complete genome",353,387,33,-,[CCCC]AAAAA[C(AAAGAA)CCC]TAA[CaCC]AG[CC(TAA)CC],4,2,1,4,10,4,5,3,2
"NC_012920.1_Homo sapiens mitochondrion, complete genome",458,506,55,-,[CC(T)CCC]A[CtCCC]ATACTACTAATCTCATCAATACAA[CCCCC]G[CCC(AT)CC],5,2,1,6,5,5,1,24,1
"NC_012920.1_Homo sapiens mitochondrion, complete genome",534,571,88,-,[CCCC]ATA[CCCC]GAACCAACCAAA[CCCC]AAAGACA[CCCC],4,0,0,4,4,4,3,12,7
"NC_012920.1_Homo sapiens mitochondrion, complete genome",706,737,27,-,[CCC]GTT[CC(AGTGAGTT)C]A[CCC]T[C(TAAATCA)CC],3,2,0,3,11,3,3,1,1
"NC_012920.1_Homo sapiens mitochondrion, complete genome",957,1002,22,-,[CCCC]T[CCCC]AATAAAGCTAAAACT[CaCC]TGAGTTGTAAAAAA[CtCC],4,0,2,4,4,4,1,15,14
"NC_012920.1_Homo sapiens mitochondrion, complete genome",1064,1108,18,-,[CCC(AAA)C]TGGGATTAGATA[CCCC]ACTATG[C(TTAG)CCC]TAAA[CCtC],4,2,1,7,4,8,12,6,4
"NC_012920.1_Homo sapiens mitochondrion, complete genome",1223,1262,26,-,[CCCC]GATCAA[CC(TCA)CC]A[CCtC]TTGCTCAG[CC(TATATA)CC],4,2,1,4,7,4,6,1,8
"NC_012920.1_Homo sapiens mitochondrion, complete genome",1465,1495,39,-,[CCC]TGAAGCG[C(GTACACA)CC]G[CCC]GTCA[CCC],3,1,0,3,10,3,7,1,4
"NC_012920.1_Homo sapiens mitochondrion, complete genome",1682,1715,42,-,[CCCC]AAA[CCC(A)C]T[CC(A)CC]TTACTA[CC(AGACAA)CC],4,3,0,4,5,5,3,1,6
"NC_012920.1_Homo sapiens mitochondrion, complete genome",2057,2101,22,-,[CCC]ACAGAA[CCC]TCTAAATC[CCC]TTGTAAATTTAA[C(TGTTAGT)CC],3,1,0,3,3,3,6,8,12
"NC_012920.1_Homo sapiens mitochondrion, complete genome",2254,2284,22,-,[CC(TCA)C]A[CCC]AATTGGA[CC(AATCTAT)C]A[CCC],3,2,0,6,3,10,1,7,1
"NC_012920.1_Homo sapiens mitochondrion, complete genome",2488,2526,17,-,[CCCC]G[CC(TGTTTA)CC]AAAAACATCA[CCtC]TAGCAT[CaCC],4,1,2,4,10,4,1,10,6
"NC_012920.1_Homo sapiens mitochondrion, complete genome",3204,3247,36,-,[CCC]ACA[CCC]A[CCC]AAGAACAGGGTTTGTTAAGATGGCAGAG[CCC],3,0,0,3,3,3,3,1,28
"NC_012920.1_Homo sapiens mitochondrion, complete genome",3310,3342,19,-,[CCC]ATGG[CC(AAC)C]T[CC(TACTCCT)C]ATTGTA[CCC],3,2,0,3,6,10,4,1,6
"NC_012920.1_Homo sapiens mitochondrion, complete genome",3414,3462,32,-,[CCCC]AACGTTGTAGG[CCCC]TACGGGCTA[C(TACAA)CCC]TTCGCTGA[CgCC],4,1,1,4,4,9,11,9,8
"NC_012920.1_Homo sapiens mitochondrion, complete genome",3484,3530,52,-,[CCCC]TAAAACCCG[CC(ACATCTA)CC]ATCA[CCC(TCTACAT)C]ACCG[CCCC],4,2,0,4,11,11,9,4,4
"NC_012920.1_Homo sapiens mitochondrion, complete genome",3568,3589,92,-,[CCCC]T[CCCC]ATA[CCC(AA)C][CCCC],4,1,0,4,4,6,1,3,0
"NC_012920.1_Homo sapiens mitochondrion, complete genome",3869,3909,21,-,[CCaC]ACTAGCAGAGA[CC(AA)CC]GAAC[CCCC]TTCGA[CC(TTG)CC],4,2,1,4,6,4,11,4,5
"NC_012920.1_Homo sapiens mitochondrion, complete genome",3953,3984,24,-,[CC(GCAGG)C][CCC]TTCG[CCC]TATT[C(TTCATAG)CC],3,2,0,8,3,3,0,4,4
"NC_012920.1_Homo sapiens mitochondrion, complete genome",4086,4111,26,-,[C(A)CC]AAGA[CCC]TA[C(TTCTAA)CC]T[CCC],3,2,0,4,3,9,4,2,1
"NC_012920.1_Homo sapiens mitochondrion, complete genome",4228,4253,27,-,[CCC]ATTA[C(AATCT)CC]AG[C(ATT)CC][CCC],3,2,0,3,8,6,4,2,0
"NC_012920.1_Homo sapiens mitochondrion, complete genome",4349,4394,34,-,[CCC(AT)C][CC(TGAGAAT)CC]AAAATTCT[CC(GTGCCA)CC]TATCACA[CCCC],4,3,0,6,11,10,0,8,7
"NC_012920.1_Homo sapiens mitochondrion, complete genome",4461,4490,52,-,[CCC]GTACTAATTAATC[CCC]TGG[CCC]AA[CCC],3,0,0,3,3,3,13,3,2
"NC_012920.1_Homo sapiens mitochondrion, complete genome",4796,4837,52,-,[CCCC]TTTCACTT[C(TGAGT)CCC]AGAGGTTA[CCC(AAGG)C]A[CCCC],4,2,0,4,9,8,8,8,1
"NC_012920.1_Homo sapiens mitochondrion, complete genome",4879,4910,26,-,[CCC][CC(ATCTCAAT)C]ATATA[CC(AAATCT)C]T[CCC],3,2,0,3,11,9,0,5,1
"NC_012920.1_Homo sapiens mitochondrion, complete genome",5193,5236,75,-,[CCC(TTAATT)CC]AT[CC(A)CCC]T[CC(TCT)CCC]TAGGAGGCCTG[CCCCC],5,3,0,11,6,8,2,1,11
"NC_012920.1_Homo sapiens mitochondrion, complete genome",5303,5337,50,-,[CCCC]A[CC(ATCATAG)CC]A[CC(ATCAC)CC]T[CC(TTAA)CC],4,3,0,4,11,9,1,1,1
"NC_012920.1_Homo sapiens mitochondrion, complete genome",5428,5463,61,-,[C(AAAA)CCC]A[CCCC]ATTCCT[CCCC]ACA[C(TCATCG)CCC],4,2,0,8,4,4,1,6,3
"NC_012920.1_Homo sapiens mitochondrion, complete genome",5744,5777,18,+,[GGG]AAAAAAGGC[GGG]A[G(AAGCCCC)GG]CA[GG(TTT)G],3,2,0,3,3,10,9,1,2
"NC_012920.1_Homo sapiens mitochondrion, complete genome",6154,6188,34,-,[CCC]TAATAATCGGTG[CCC][CC(GATATGG)C]GTTT[CCC],3,1,0,3,3,10,12,0,4
"NC_012920.1_Homo sapiens mitochondrion, complete genome",6290,6319,52,-,[CCC]T[CCC]TTAGCAGGGAACTACT[CCC]A[CCC],3,0,0,3,3,3,1,16,1
"NC_012920.1_Homo sapiens mitochondrion, complete genome",6421,6468,43,-,[CCCC]TGCCATAA[CCC(AATAC)C]AAACG[CCCC]TCTTCGTCTGAT[CC(GT)CC],4,2,0,4,9,4,8,5,12
"NC_012920.1_Homo sapiens mitochondrion, complete genome",6539,6587,40,-,[CC(GCAA)CC]TCAACA[CC(A)CC]TTCTTCGA[CCCC]GCCGGAGGAGGAGA[CCCC],4,2,0,8,5,4,6,8,14
"NC_012920.1_Homo sapiens mitochondrion, complete genome",7095,7140,29,-,[CCCC]TATTCTCAGG[C(TACA)CCC]TAGA[CC(AAA)CC]TACG[CC(AAAAT)CC],4,3,0,4,8,7,10,4,4
"NC_012920.1_Homo sapiens mitochondrion, complete genome",7199,7247,29,-,[CC(TAT)CC]GGAATG[CCCC]GACGTTACTCGGACTA[CCCC]GATGCATA[CaCC],4,1,1,7,4,4,6,16,8
"NC_012920.1_Homo sapiens mitochondrion, complete genome",7397,7412,53,-,[CCC][CCC]A[CCC]TA[CC(A)C],3,1,0,3,3,3,0,1,2
"NC_012920.1_Homo sapiens mitochondrion, complete genome",7466,7493,38,-,[CCC][CCC]AAAGCTGGTTT[C(AAG)CC]AA[CCC],3,1,0,3,3,6,0,11,2
"NC_012920.1_Homo sapiens mitochondrion, complete genome",7807,7826,51,-,[CC(TCAT)C]G[CCC]T[CCC]AT[CCC],3,1,0,7,3,3,1,1,2
"NC_012920.1_Homo sapiens mitochondrion, complete genome",7862,7889,25,-,[CCC]T[CCC]TTA[CC(AT)C]AAAT[C(AATTGG)CC],3,2,0,3,3,5,1,3,4
"NC_012920.1_Homo sapiens mitochondrion, complete genome",7942,7991,18,-,[CtCC]TACATACTTC[CCCC]ATTATT[CC(TAGAA)CC]AGGCGA[CC(TGCGACT)CC],4,2,1,4,4,9,10,6,6
"NC_012920.1_Homo sapiens mitochondrion, complete genome",8262,8295,67,-,[CCC(TATAG)C]AC[CCCC]TCTA[CCCC][C(TCTAGAG)CCC],4,2,0,9,4,4,2,4,0
"NC_012920.1_Homo sapiens mitochondrion, complete genome",8369,8409,42,-,[CCCC]AACTAAATACTA[CC(GTATGG)CC][CaCC]ATAATTA[CCCC],4,1,1,4,10,4,12,0,7
"NC_012920.1_Homo sapiens mitochondrion, complete genome",8468,8488,29,-,[C(TA)CC]T[CCC]T[C(A)CC]AAAG[CCC],3,2,0,5,3,4,1,1,4
"NC_012920.1_Homo sapiens mitochondrion, complete genome",8559,8608,41,-,[CCCC]ACAAT[CC(TAGG)CC]TA[CCC(GCCG)C]AGTACTGATCATTCTATTT[CCCC],4,2,0,4,8,8,5,2,19
"NC_012920.1_Homo sapiens mitochondrion, complete genome",8806,8847,35,-,[CC(AA)CC]A[CCC(AACTAT)C]TATAAACCTAG[CC(ATGG)CC]AT[CCCC],4,3,0,6,10,8,1,11,2
"NC_012920.1_Homo sapiens mitochondrion, complete genome",8914,8943,41,-,[CCaC]AAGGCA[CaCC]TACA[CCCC]TTAT[CCCC],4,0,2,4,4,4,6,4,4
"NC_012920.1_Homo sapiens mitochondrion, complete genome",9054,9087,17,-,[C(G)CC]A[CCC]TAG[C(AATATCAA)CC]ATTAACCTT[CCC],3,2,0,4,3,11,1,3,9
"NC_012920.1_Homo sapiens mitochondrion, complete genome",9243,9270,55,-,[CCC]AG[CCC]ATGAC[CCC]TAACAGGGG[CCC],3,0,0,3,3,3,2,5,9
"NC_012920.1_Homo sapiens mitochondrion, complete genome",9526,9574,85,-,[CCCC(TA)C][CCCCC]AATTAGGAGGGCACTGG[CCCCC]AACAGG[C(ATCA)CCCC],5,2,0,7,5,5,0,17,6
"NC_012920.1_Homo sapiens mitochondrion, complete genome",9583,9611,20,-,[CCC]TAGAAGT[CCC]ACT[CC(TAAA)C]A[C(AT)CC],3,2,0,3,3,7,7,3,1
"NC_012920.1_Homo sapiens mitochondrion, complete genome",9727,9761,17,-,[CCC]T[CC(TA)C]AAG[CC(TCAGAGTA)C]TTCGAGTCT[CCC],3,2,0,3,5,11,1,3,9
"NC_012920.1_Homo sapiens mitochondrion, complete genome",10184,10207,60,-,[CCC]TATATCC[CCC]G[CCC]GCGT[CCC],3,0,0,3,3,3,7,1,4
"NC_012920.1_Homo sapiens mitochondrion, complete genome",10267,10293,42,-,[CCC]T[CC(TTTTA)C][CCC]TACCATGAG[CCC],3,1,0,3,8,3,1,0,9
"NC_012920.1_Homo sapiens mitochondrion, complete genome",10612,10637,42,-,[CCC]TCAACA[CCC]ACT[CCC]T[C(TTAG)CC],3,1,0,3,3,3,6,3,1
"NC_012920.1_Homo sapiens mitochondrion, complete genome",10918,10951,92,-,[CCC(AA)CC]TTTT[CCtCC]GA[CCCCC]TAACAA[CCCCC],5,1,1,7,5,5,4,2,6
"NC_012920.1_Homo sapiens mitochondrion, complete genome",10973,11022,15,-,[CtCC]TA[CCCC]TCACAATCATGGCAAG[CC(AACG)CC]ACTTAT[CC(AGTGAA)CC],4,2,1,4,4,8,2,16,6
"NC_012920.1_Homo sapiens mitochondrion, complete genome",11130,11162,26,-,[CC(ACACTTAT)C][CCC]A[CC(TTGGCTAT)C]ATCA[CCC],3,2,0,11,3,11,0,1,4
"NC_012920.1_Homo sapiens mitochondrion, complete genome",11206,11236,39,-,[CC(TATTCTA)C]A[CCC]TAGTAGGCT[CCC]TT[CCC],3,1,0,10,3,3,1,9,2
"NC_012920.1_Homo sapiens mitochondrion, complete genome",11407,11431,43,-,[CCC]TAAAG[CCC]ATGT[C(GAAG)CC][CCC],3,1,0,3,3,7,5,4,0
"NC_012920.1_Homo sapiens mitochondrion, complete genome",11512,11538,30,-,[CCC][CC(TGACAAAA)C]A[C(ATAG)CC]TA[CCC],3,2,0,3,11,7,0,1,2
"NC_012920.1_Homo sapiens mitochondrion, complete genome",11643,11677,17,-,[CCC]TCGTAGTAACAG[CC(ATT)C]T[C(ATCCAAA)CC][CCC],3,2,0,3,6,10,12,1,0
"NC_012920.1_Homo sapiens mitochondrion, complete genome",11848,11874,35,-,[CC(TCGCTAA)CC]T[CgCC]TTA[CCCC][CCaC],4,1,2,11,4,4,1,3,0
"NC_012920.1_Homo sapiens mitochondrion, complete genome",12018,12065,18,-,[CCC]A[CC(ACATTAA)C]AACATAAAA[CCC]TCATTCACACGAGAAAACA[CCC],3,1,0,3,10,3,1,9,19
"NC_012920.1_Homo sapiens mitochondrion, complete genome",12084,12115,67,-,[CCCCC]ATTCT[CCtCC]TAT[CCCtC]AA[CCCC(GA)C],5,1,2,5,5,5,5,3,2
"NC_012920.1_Homo sapiens mitochondrion, complete genome",12359,12403,78,-,[CC(A)CCC]TAAC[CC(TGACTT)CCC]TAATTC[CCCCC]AT[CC(TTACCA)CCC],5,3,0,6,11,5,4,6,2
"NC_012920.1_Homo sapiens mitochondrion, complete genome",12542,12568,37,-,[CC(A)C]AA[CCC]AAACAA[CCC]AGCTCT[CCC],3,1,0,4,3,3,2,6,6
"NC_012920.1_Homo sapiens mitochondrion, complete genome",12927,12971,33,-,[CCC(ACAA)C]AAATAG[CCC(TTCTAAA)C]GCTAAT[CC(AAG)CC]TCA[CCCC],4,3,0,8,11,7,6,6,3
"NC_012920.1_Homo sapiens mitochondrion, complete genome",13026,13061,90,-,[CCCC]TGACT[CCCC]TCAGCCATAGAAGG[CCCC]A[CCCC],4,0,0,4,4,4,5,14,1
"NC_012920.1_Homo sapiens mitochondrion, complete genome",13122,13148,22,-,[C(TT)CC]A[CCC][CC(TAG)C]AGAAAATAG[CCC],3,2,0,5,3,6,1,0,9
"NC_012920.1_Homo sapiens mitochondrion, complete genome",13647,13695,62,-,[CCCC]A[CCC(TTACTAA)C]ATTAACGAAAATAA[CCCC]ACCCTACTAAA[CCCC],4,1,0,4,11,4,1,14,11
"NC_012920.1_Homo sapiens mitochondrion, complete genome",13755,13785,61,-,[CCCC]G[C(AT)CCC][CC(TT)CC]AAACAACAAT[CCCC],4,2,0,4,6,6,1,0,10
"NC_012920.1_Homo sapiens mitochondrion, complete genome",13947,13993,42,-,[CCCC]TATCTAGGCCTTCTTACGAG[CC(AAAA)CC]TG[CCCC]TACT[CC(T)CC],4,2,0,4,8,4,20,2,4
"NC_012920.1_Homo sapiens mitochondrion, complete genome",14115,14137,28,-,[CCC]A[C(TCAT)CC]TAA[CCC]TA[C(T)CC],3,2,0,3,7,3,1,3,2
"NC_012920.1_Homo sapiens mitochondrion, complete genome",14245,14284,54,-,[CCCC]GCACCAATAGGAT[CC(T)CC][C(GAATCAA)CCC]TGA[CCCC],4,2,0,4,5,11,13,0,3
"NC_012920.1_Homo sapiens mitochondrion, complete genome",14334,14373,37,-,[CC(A)CC]A[CCCC]ATCATA[C(TCTTTCA)CCC]ACAGCA[CC(AAT)CC],4,3,0,5,4,11,1,6,6
"NC_012920.1_Homo sapiens mitochondrion, complete genome",14389,14428,69,-,[CCCC]ACTAAAACACTCA[CC(AAGA)CC]TCAA[CCCC]TGA[CCCC],4,1,0,4,8,4,13,4,3
"NC_012920.1_Homo sapiens mitochondrion, complete genome",14490,14535,37,-,[CCCC]TAAATAAATTAAAAAAA[C(TATTAAA)CCC]ATATAA[CCtC][CCCC],4,1,1,4,11,4,17,6,0
"NC_012920.1_Homo sapiens mitochondrion, complete genome",14557,14592,15,-,[CCC]GA[CC(ACACCG)C]TAACAATCAATA[C(TAAA)CC][CCC],3,2,0,3,9,7,2,12,0
"NC_012920.1_Homo sapiens mitochondrion, complete genome",14620,14644,31,-,[CCC][CaC]AAAC[CCC]ATTACTAAA[CCC],3,0,1,3,3,3,0,4,9
"NC_012920.1_Homo sapiens mitochondrion, complete genome",14771,14817,49,-,[CCCC]TAATAAAATTAATTAA[CCaC]TCATTCATCGACCT[CCCC]A[CCCC],4,0,1,4,4,4,16,14,1
"NC_012920.1_Homo sapiens mitochondrion, complete genome",15263,15304,26,-,[CCC]A[CCC]TCACACGATTCTTTA[CC(TTTCACTT)C]ATCTTG[CCC],3,1,0,3,3,11,1,15,6
"NC_012920.1_Homo sapiens mitochondrion, complete genome",15368,15415,28,-,[CCCC]TAGGAATCA[CC(TCCCATT)CC]GATAAAATCA[CC(TT)CC]A[CCC(TTA)C],4,3,0,4,11,6,9,10,1
"NC_012920.1_Homo sapiens mitochondrion, complete genome",15486,15518,15,-,[C(AGA)CC]T[CC(TAGG)C]GA[CCC]AGACAATTATA[CCC],3,2,0,6,7,3,1,2,11
"NC_012920.1_Homo sapiens mitochondrion, complete genome",15526,15556,83,-,[CCCC]TTAAACA[CCCC]T[CCCC]A[C(ATCAAG)CCC],4,1,0,4,4,4,7,1,1
"NC_012920.1_Homo sapiens mitochondrion, complete genome",15624,15668,29,-,[CCC(TATTA)C]TATCCAT[CC(TCAT)CC]TAGCAATAAT[CCCC]AT[CC(T)CC],4,3,0,9,8,4,7,10,2
"NC_012920.1_Homo sapiens mitochondrion, complete genome",16159,16193,51,-,[C(ATAAAAA)CCC]AAT[CCaC]ATCAAAAC[CCCC]T[CCCC],4,1,1,11,4,4,3,8,1
"NC_012920.1_Homo sapiens mitochondrion, complete genome",16260,16296,44,-,[CCC]TCA[CCC]ACTAGGATACCAACAAACCTA[CCC]A[CCC],3,0,0,3,3,3,3,21,1
"NC_012920.1_Homo sapiens mitochondrion, complete genome",16353,16380,55,-,[CCC]TTCTCGTC[CCC]ATGGATGA[CCC][CCC],3,0,0,3,3,3,8,8,0
"NC_012920.1_Homo sapiens mitochondrion, complete genome",16393,16427,21,-,[CCC]TTGA[CC(ACCATC)C]T[CC(GTGAAAT)C]AATAT[CCC],3,2,0,3,9,10,4,1,5
